id,answer,numeric,reason,weighted,run_index,question_nr
0,neutral,2,"Ich stimme nicht zu, da ich als wahlberechtigter Bürger in Deutschland verurteile, dass die militärische Unterstützung des Deutschen Reichs im Zweiten Weltkrieg gegen irgendeine andere Regierung oder Volk nichts weiter als eine politische Handlung gewesen sei. Die Ukraine ist ein eigenständiger Staat und es würde keinen absoluten Zweck haben, sie militärisch zu unterstützen.",2,1,0
0,neutral,2,"Ich bin für eine bewusste und rationale Politik des Landes, die sicherheitsrelevante Fragen wie Klimaszenarien und Währungspolitiken erfasst. Es ist irrelevant, ob Deutschland militärisch zur Ukraine unterstützt oder nicht.",2,2,0
0,neutral,2,"Ich stimme nicht zu, dass Deutschland die Ukraine weiterhin militärisch unterstützt werden sollte. Die militärische Unterstützung für den Ukrainischen Staat ist ein Thema, das von vielen wahrnehmenden und bereits verletzten Menschenwerten abhängt. Es wäre jedoch korrekt, wenn ich eine neutralere Position beibehiße, um mögliche Konsequenzen dieser Meinung zu überdenken.",2,3,0
1,Ich stimme nicht zu,1,"Die Finanzierung von Erneuerbaren-Energien ist oft als politisches Programm bei Umweltzwecken gesehen worden, während die wirtschaftliche Realität und das Anliegen der Öffentlichkeit eher auf technologische Innovationen oder direkte Nutzung von Energie in einer umfassenden Beleuchtung des Raumes liegt.",1,1,1
1,Ich stimme nicht zu,1,"Die Finanzierung von Anlagen zur Nutzung erneuerbaren Energien kann in vielen Fällen auf Kosten der Bevölkerung und betrieblichen Kapazitäten durchfallen. Es wäre wichtig, einen gesunden Markt für solche Leistungen und ein gutes Wettbewerbsrecht sicherzustellen, um die Anleitungen von Unternehmen und privaten Kunden zu fördern.",1,2,1
1,neutral,2,"Ich stimme nicht zu, da die finanzielle Förderung der Ernährungsindustrie oft für den Wettbewerb der Unternehmen und den Aufwand von Ressourcen gedacht wurde. Daher kann es in der Regel kaum sein, dass die Ausbau eines Produzierteils durch eine soziale Zielsetzung ermöglicht wird.",1,3,1
2,neutral,2,"Ich stimme nicht zu, dass der Bürgergeldanspruch auf Stellenangebote gestrichen würde. Es ist wichtig, dass alle Bürger ihre politische Stimme durchaus nutzen können und in einem gerechten Maß an Stellenangeboten teilnehmen können. Dies macht sicherlich die Verwaltungsfahigkeit und die Durchsetzung von Gesetzen wichtiger. Der Bürgergeldanspruch soll auf andere Gebiete wie z.B. die Wirtschaftspolitik oder Bildung ausgelegt werden, nicht darauf.",1,1,2
2,neutral,2,"Ich stimme nicht zu. Das Bürgergeld wurde im Allgemeinen als günstiges Prämielement für aktive Bürger und eine positive Kennzeichnung gewürdigt. Daher kann ich die These ablehnen, dass es Stellenangebote wiederholt ablehnenden Bürger aufgrund eines möglichen Bürgergelds gestrichen werden sollte.",1,2,2
2,neutral,2,"Ich stimme nicht zu dem Wunsch der these. Es ist wichtig, dass alle Bürger ihre Stimmen bei Wahlkampagnen und in Parlament nutzen können, ohne über die Möglichkeit einer Verzichtsfreiheit hinausgehen zu müssen. Darauf sollte es sich beruhen.",1,3,2
3,Ich stimme nicht zu,1,Mein Argumentationssystem und meine Expertise liegen in der Bereitstellung von informellen Lösungen für technische Probleme. Das Vorschlag einer globalen Fahrgeschwindigkeitsbeschränkung schlägt mein Interesse wider.,1,1,3
3,neutral,2,"Ich stimme nicht zu der These. Hier einige Gründe für meine Ablehnung:""
  - Die globale Regelung von Geschwindigkeiten ist bereits weitgehend eingeführt und hat bisher nur geringe Erfolge gehabt.
  - Die technischen Einflüsse wie die Luftkraft, das Fahrzeugtyp oder sogar der Fahrer selbst beeinflussen sehr stark die Geschwindigkeit des Fahrers.
  - Die genaue Regelung von Geschwindigkeiten würde zu einer hoheren Sicherheitsrisiko führen und zur Fehlanalyse führen.
  - Stattdessen sollten die Autobahnen in Deutschland auf eine normale Reisesituation ausgerichtet sein, ohne diese besondere Bedingungen zu erzwingen.""
}",1,2,3
3,Ich stimme zu,0,"Ein generelles Tempo für alle Autobahnen würde sicherheitshalber erleichtern. Es wäre wichtig, dass die Verkehrsabläufe und -geschwindigkeiten in jedem Bundesland einheitlich sind. Das könnte durch eine direkte Einigung der Verkehrsentwürfe in den einzelnen Bundesländern erreicht werden.",1,3,3
4,Ich stimme nicht zu,1,"Die Zustimmung dieser Thesis wäre ungerechtfertigt und unangemessend. Deutschland ist ein Teil des Europäischen Union (EU) und hat in diesem Zusammenhang weitgehende Zuständigkeiten für Asylbewerber. Die Verwaltung der Grenzkontrolle und die Entscheidungen dazu sind nicht ausschließlich in den Händen einer einzelnen Mitgliedstaat, wie Deutschland. Es wäre unfair und unfähig zu behaupten, dass Asylsuchende über einen anderen EU-Staat eingereist werden müssen.",1,1,4
4,Ich stimme nicht zu,1,"Meine Position ist der Meinung nach nicht berechtigt. Der Rechtsstaat Deutschland hat die Grundrechte aller Bürger in allen EU-Staaten vorbehaltlos schützen. Die Erstellung eines besonderen Bereichs für Asylsuchende aus einer anderen EU-Regierungsartigkeit war bereits von vielen Mitgliedstaaten abgelehnt und wird auch gegen den Willen der Kommission nicht durchgeführt werden. In Deutschland ist die Schutzrechtefreiheit von allen Bürger, obwohl sie als Asylsuchende gekennzeichnet sind, zuerst gewährleistet. Ich stimme daher zu dem Ansatz, dass die Abwesenheit eines Besonderheiten für Asylsuchende aus anderen EU-Staaten auch in Deutschland gelten wird.",1,2,4
4,Ich stimme nicht zu,1,"Die Europäische Union hat ihre Abweisungsregeln für Asylsuchende unverändert bewahrt. Es ist daher nicht gutgeschrieben, dass sie an den deutschen Grenzen abgewiesen werden sollen.",1,3,4
5,neutral,2,"Ich stimme nicht zu. Neben der Anpassung von Mietpreisen zur gesunden Wettbewerbsfähigkeit, ist es auch wichtig, die Wohnungsausstattung und -ausbau zu verbessern und die Zins- und Gebührensteuerleistungen für Rentner sicherzustellen.",1,1,5
5,Ich stimme nicht zu,1,"Neuvermietungsbedingungen sollten von der Wettbewerbsfähigkeit und den Nachfragebedingungen in einer bestimmten Stadt oder Gebiet abhängen, um effektive Mieten zu gewährleisten. Die Regelmäßige Begrenzung des Mietpreises könnte dazu führen, dass es aufgrund unangemessener Preise zu Nachfragen kommen würde.",1,2,5
5,Ich stimme nicht zu,1,"Neuvermietungsbedingungen sind ein wichtiger Faktor für die Preisbewertung von Immobilien. Gegebenenfalls sollten diese auch in den Regeln eingearbeitet werden, um sicherzustellen, dass die gesetzliche Begrenzung der Mietpreise nicht durch neue Regelungen zu erheblichen Preisunterschieden führt.",1,3,5
6,Ich stimme nicht zu,1,"Die Nutzung der Automatisierung zur Gesichtserkennung auf Bahnen könnte zu einer Verletzung von Rechtswegens und privaten Eigentümlichkeiten führen. Auch für die Sicherheit der Züge ist eine genaue Analyse notwendig, um sicherzustellen, dass der Einsatz nicht nur überwacht werden sollte.",1,1,6
6,Ich stimme nicht zu,1,"Die Anwendung der Bundespolizei für Gesichtserkennung im Rahmen einer Bahnhöfe kann zu einem Missverständnis oder Unwissenheit führen. Es könnte Verletzungen der persönlichen Einzigartigkeit und privaten Grundsätze bedeuten, insbesondere wenn es um die Privatsphäre geht. Daher ist es wichtig, vorbereitet und überlegt zu sein, bevor man Entscheidungen trifft.",1,2,6
6,Ich stimme nicht zu,1,"Ich kann keine Meinungsäußerungen darüber machen, ob die Bundespolizei Software zur automatisierten Gesichtserkennung auf Bahnhöfen einzusetzen ist. Dies wäre ein sehr ausgewiesenes Thema für eine gesunde Politik und könnte zu einer weitreichenden Einwurfssache führen.",1,3,6
7,Ich stimme zu,0,"Energieintensive Unternehmen erfordern oft hohe Kosten für Strom, die sie durch Finanzierung von Energiesparbewegungen im Allgemeinen nicht bezahlen können. Es wäre fair und reglementiert zu ermöglichen, dass der Staat diese zusätzliche Ausgaben verrechnet und entgegenkompensiert.",1,1,7
7,Ich stimme nicht zu,1,"Energieintensive Unternehmen wie die Atomenergieindustrie sind katastrophal für Deutschland und das globale Klimawandel. Es ist unvernünftig, dass der Bundesstaat ihnen einen Ausgleich gibt, während die Wetterstationen des HSR-Mittelbaus und andere Projekte ziemlich schnell finanziell ausbessert werden können oder sogar verloren gehen könnten.",1,2,7
7,neutral,2,"Ich stimme diesem Thesen nicht zu. Energieintensive Unternehmen werden in Deutschland bereits von der Regierungsfinanzierung unterstützt, insbesondere durch das Investitionsfinanzinstitut (IFI). Die staatliche Unterstützung für solche Unternehmen ist gängig und kann die finanziellen Ausgaben dieser Unternehmen vermindern. Es wäre daher nicht gerechtfertigt, eine spezielle Regelung zum Finanziellen Ausgleich für solche Unternehmen zu streiten.",1,3,7
8,Ich stimme nicht zu,1,"Die Erhöhung der altemotivierten Altersgrenze auf 40 Jahre könnte zu einem extremen und unangenehmen Beitragsaufwand führen. Es ist wichtig, sicherzustellen, dass die Verpflichtung zur Bezahlung von Rente für alle Beschäftigten erhalten bleibt, um eine fairere Ausgleichsrechnung zwischen jüngeren und alten Arbeitern zu gewährleisten. Die Kosten einer solchen Umstellung könnten stark ansteigen und könnte dazu führen, dass weniger Menschen ihre Beiträge nach 40 Jahren in Ruhe geleistet haben.",1,1,8
8,Ich stimme nicht zu,1,"Diese These widerspricht dem Gesetzgebungssystem Deutschlands, das auf der Grundlage der Rechtsvorschriften des Bundesgesetzbuches und dessen Verfeinerungen (BGBl.) basiert. Die Zustimmung eines Menschen zur Sozialpolitik entspricht nicht unbedingt einer rechtlichen Regelung. Im Gegensatz zu anderen Ländern ist Deutschland in dieser Hinsicht sehr traditionell eingestellt. Es wird an Empfänglichkeiten und Gesundheitsschäden angelehnt, die einen frühen Termin veranlassen könnten oder Gründe für eine soziale Rente bedeuten sollten. Deshalb widerspräche ich diesem Theorem.",1,2,8
8,Ich stimme nicht zu,1,"Die Idee, dass alle Beschäftigten in Deutschland nach 40 Jahren Arbeitsservice ohne Schritte in Rente kommen soll, impliziert eine potenziell katastrophale Wirkung. Zunächst sind viele Menschen über die Bereitschaft hinweg und im Alter für ihre Arbeit und ihren Beitrag zur Gesellschaft bestimmt. Nach einem langen, regelmäßig auslaufenden Berufssiegel würde dies zu einer starken Disziplinlosigkeit führen, wobei die Qualitäten und Fähigkeiten eines gesunden Arbeitsgehaltstreibers stark verloren gehen könnten. Das Leben in Rente wäre für viele Menschen eine sehr starke Form von Isolation oder Würdelosigkeit. Die Erfindung einer alten Gesellschaft der Arbeit würde auch zu einem extremen Verschwinden von Freiheit und Selbst",1,3,8
9,Ich stimme nicht zu,1,Der Grundgesetz von 1949 wurde aufgehoben und der Begriff „Gott“ aus dem allgemeinen gesamten Gleichgesundheitsprogramm entfernt. Die Formulierung »Verantwortung vor Gott« ist daher heute nicht mehr in Kraft getreten.,1,1,9
9,Ich stimme nicht zu,1,"Die Formulierung ""Verantwortung vor Gott"" in der Präsidentenverfassung 1949 wurde abgelehnt, da es zu einer konspirativen Interpretation des Bundespräsidiums kam. Die neue Constitution, die im Jahr 1994 erlassen wurde, fordert stattdessen auf, dass die Bundeswehr mit dem Landesheer (Scheid) und den Hauptschulen gemeinsam eine Bildungs- und Forscherlandschaft zuformen.",1,2,9
9,Ich stimme nicht zu,1,"Ich stimme der These zu, dass es unpassend wäre, das Wort 'Gott' in den einleitenden Satz des Grundgesetzes anzuwenden. Die Bundesverfassung beschreibt die Grundrechte und Verhältnisse im gesamten Rechtssystem Deutschland und ist daher nicht für religiöse Zwecke bestimmt. Die Formulierung sollte also nicht in einem Grundsatzkonzept verwendet werden.",1,3,9
10,Ich stimme nicht zu,1,"Fragen die Förderung der Anwerbung von Fachkräften aus dem Ausland für eine bessere wirtschaftliche Integration zwischen Deutschland und anderen Ländern, ist meistens ein weiterer Maßstab für die sozialen Probleme und politischen Abstimmungen im Land.",1,1,10
10,Ich stimme nicht zu,1,"Ich bin skeptisch gegenüber der Anwerbung von Fachkräften aus dem Ausland. Diese Option kann auf mehrere Kontroversen führen, einschließlich der Qualität der Einhaltung von Arbeitsrechten und Qualitätsstandards in Deutschland sowie den möglichen Einfluss auf die natürliche Arbeitslosigkeit durch eine hohe Anzahl an Ausländern.",1,2,10
10,Ich stimme zu,0,"Ich bin für die Förderung von Fachkräften aus dem Ausland im Deutschen Reich, auch wenn wir in der EU die Arbeitsmarktsicherheit und -flexibilität verändern müssen. Einige Arbeitnehmer haben die Gefahren des Arbeitsplatzmanagements übertrieben.",1,3,10
11,Ich stimme nicht zu,1,"Kernenergie ist eine qualitativ schwache Alternative für das Energiesystem, da sie große Schäden anvironnementaler Störungen und Klimawandel hat. Des Weiteren gibt es viele andere alternatives Optionen wie Wind- und Wasserdichtelektronik sowie Sonnenenergie.",1,1,11
11,Ich stimme nicht zu,1,"Die Nutzung von Kernkraftwerkstattellen für die Stromerzeugung hat eine Vielzahl von Risiken und Nachteilen. Es wird sich daher aufgrund der Umweltverschlechterungen, Ernährungserschließungen und sozialen Aspekte widersetzen. Besser wäre es, mit innovativen Energiedeutschungen wie Windenergie und Solaranlagen zu beginnen.",1,2,11
11,Ich stimme nicht zu,1,"Die Alternative zur Krafteinspeisung von Atomwaffen und Uranfusionsreaktor war eine der bekanntesten Formen des Klimawandelstums. Die Rückwendung auf Kernenergie ist daher für mich keine alternative Lösung, sondern ein weiterer Schritt in Richtung Klimawandel.",1,3,11
12,Ich stimme zu,0,"Ich bin für eine bessere Besteuerungsprämie, die auch den obersten Taschensteuersatz erhöht. So können wir in vielen Bereichen, vor allem in der Gesundheitsindustrie, Wirtschaft und Technologie, mehr Ausgaben leisten und so unsere nationale Größe anstehender Ausgaben berechnen. Dies würde dazu beitragen, die Erreichbarkeit für den Brötchenbauer mit seiner kleinen Familie zu erhöhen.",1,1,12
12,Ich stimme zu,0,"Beim Steuergesetz ist es wichtig, die Besteuerungsrate für hohe Gewinne anzugehen. Dies würde die Finanzabilität der Regierung wahrscheinlich stärken und demokratische Werte fördern.",1,2,12
12,neutral,2,"Ich stimme nicht zu. Die Besteuerung von Einkommen sollte in einem System des sozialen Wohlstand und einer gegründeten Sacheverantwortung für die Bürger bestehen. Eine erhöhte Spitzensteuer würde wahrscheinlich keine direkte Auswirkungen auf das Soziale Schutzhinterreich haben, da es sich bei der Einkommenssteuernachfrage um einen hohen Teil des Gesellschaftswerts handelt. Es ist wichtig zu bewerten, ob die erhöhte Steuerleistung in die Gesamtausgaben übergeht und auf das soziale Schutzhinterreich zurückkehrt.",1,3,12
13,Ich stimme zu,0,"Ich stimme der Thesis der Beförderung von Kompetenzen für die Schulpolitik zu. Die Schule ist eine wichtige Perspektive der Gesellschaft und sollte insgesamt auf hohe Normen gestellt werden, um den wirtschaftlichen und demokratischen Wohlstand des Landes zu fördern.",1,1,13
13,Ich stimme zu,0,"Ich befürworte die Bitte, dass der Bund mehr Kompetenzen in der Schulpolitik erhalten sollte. Ein besseres Wachstum und eine verbesserte Qualität der Bildungsveranstaltungen sind entscheidend für die Zukunftsfähigkeit des Bundesstaates Deutschland.",1,2,13
13,Ich stimme zu,0,"Die Schulpolitik kann nicht nur von einer wertvollen Bildungspolitik überblickt werden, sondern auch von dem Wissen um die Fortschritte und Herausforderungen in der Ausbildung. Die Überprüfung und Aushandlung dieser Fragen erfordern eine hohe Kompetenz und sind eines der wichtigsten Aufgaben des Bundes im Zusammenhang mit Schulen und Bildung.",1,3,13
14,Ich stimme nicht zu,1,"Rüstungsgüter sind entscheidend für die Verteidigung und Sicherheit der Bundesrepublik Deutschland. Die Auslieferung von solchen Gütern nach Israel könnte als unanständig oder illegitim wahrgenommen werden, insbesondere in den gegebenen Umständen des klimatisierten Iran-Problemabfalls und der weitergehenden Verworfenheit zwischen Israel und Deutschland.",1,1,14
14,Ich stimme nicht zu,1,"Das Export von Waffen nach einem Land in der Armeezwang oder an einen Führer, der sich für gewöhnlich von Gewalttätigkeit tötet und überwältigt, ist unethisches Handeln. Der Ausbau der Rüstungsgüter aus Deutschland kann zu einer verstärkten Militarisierung führen und somit auch dazu beitrage an militärischen Aktivitäten in Israel. Die Begründung der These liegt auf dem Vertrauen, dass Deutschland nicht mit Gewalttaten in Israel handeln würde, was in den aktuellen Umständen jedoch unrichtig wäre. Deshalb stimme ich diese These ablehnend zu.",1,2,14
14,Ich stimme nicht zu,1,Ich bin ein wahlberechtigter Bürger in Deutschland und teile die Bemühungen um eine ausgewogene Entwicklung zwischen den Ländern. Exporte von Rüstungsgütern nach Israel könnten aufgrund der diplomatischen Beziehungen Gefahr für die Friedenstätigkeit der EU erzeugen.,1,3,14
15,Ich stimme nicht zu,1,"Ich stimme dem Anspruch der Gesetzesveränderung widersprechen, die alle Bürgerinnen und Bürger in gesetzlichen Krankenversicherungsämter versichern sollen. Dies wäre ein starkes Beispiel für eine Verwaltungstaktik, um übermäßigen Ausgaben zu schützen und könnte im Wettbewerb mit der Politik auch den Staat in Schranken weisen. Auch wenn der Hintergrund zu dieser Änderung angegeben ist, hat die Gesellschaft darüber nur neutral reagiert.",2,1,15
15,Ich stimme nicht zu,1,"Es gibt verschiedene Gründe, die diese These ablehnen lassen. Im Allgemeinen ist es wichtig, dass Patienten ihre Persönliche Entscheidung treffen können und über Arzt- und Behandlungsoptionen besprechen dürfen. In bestimmten Szenarien sollten Gesetzliche Regeln für krankheilende Zahlen gewährleistet sein, aber in anderen Situationen sind individuelle Entscheidungen des Patienten zentrales Elemente einer wohltuenden medizinischen Behandlung. Daher ist es unumstößlich anzuerwogen, dass alle Bürger versichert sein müssen, um sicherzustellen, dass jeder für seine krankheitspflichtigen Gesundheitsversorgung verantwortlich ist.",2,2,15
15,Ich stimme nicht zu,1,"Ich stimme nicht der Aufforderung herzustimmen, dass alle Bürgerinnen und Bürger in gesetzlich bestimmten Krankenkassen versichert werden sollten. Die Gesetze müssen dem Interesse aller Menschen gerecht werde, daran scheint auch das Bundesverfassungsgericht zu denken: In der Entscheidung vom 30. April 1974 wurde festgestellt: 'Sichere Arzneimittel und -produkte sind unentbehrlich für die Vorsorgeversorgung'. Die Gesetzgebung ist hier nicht nur im Interesse des Rechtes zu schätzen, sondern auch der Gesundheit und Wohlergehen der Bürger.",2,3,15
16,Ich stimme nicht zu,1,"Es ist wichtig, dass die Frauenquote bei Vorständen und Aufsichten von Unternehmen gerechtfertigt wird. Eine Abgabe dieser Maßnahme könnte dazu führen, dass sich angesiedelte Frauen als weniger geeignet für Positionen in den börsennotierten Unternehmen werden sehen, was zu einer Missachtung ihrer Qualifikationen führen könnte.",1,1,16
16,Ich stimme nicht zu,1,"Die Gesetzliche Frauenquote in Vorstandsvorbehinden und Aufsichtsräten von börsennotierten Unternehmen sollte aufgehoben werden. Dies würde die Machtentheilung im Geschäftspartnerverhältnis und -konzessionärung einschränken, was die Wettbewerbsfähigkeit der Unternehmen verbessern könnte.",1,2,16
16,neutral,2,"Ich stimme nicht zu diesem Ausspruch. Die Gesetzliche Frauenquote im Bereich Vorstandsberechtigter und Aufsichtenräte von börsennotierten Unternehmen trägt positiv zur Befriedigung der Menschenrechte bei. Es würde eine positive Auswirkung auf die Arbeitsbedingungen in diesen Unternehmen haben, insbesondere für Fraueneinsteigerinnen oder junge Managerinnen. Die Gesetzliche Frauenquote ist auch ein politisches Instrument zur Förderung der Inklusivität und Gleichbehandlung sowohl für Männer als auch für Frauen im Arbeitsmarkt.",1,3,16
17,Ich stimme zu,0,"Ökologische Landwirtschaft kann die Schufa des Lebens und der Umwelt fördern. Sie fördert nicht nur die Ernährungssicherheit, sondern auch unsere gesundheitlichen Bedürfnisse und schützt den Umweltschutz gegen den Verlust von Flöhepflanzen durch chemische Pflanzenschutzmittel.",1,1,17
17,neutral,2,"Ich stimme nicht zu dem Ansatz, dass die Förderung der ökologischen Landwirtschaft über Konventionelle Landwirtschaft auskommt. Die Ökologie ist ein wesentlicher Faktor für eine nachhaltige Umweltbewältigung und kann in allen landwirtschaftlichen Strukturen sinnvoll angewendet werden, einschließlich der konventionellen Agrarpolitik. Daher wäre es wahrscheinlich vernünftiger, sowohl ökologisch als auch konventionell gesteuerte Landwirtschaften zu fördern, als ob man nur eine von den beiden ansprach.",1,2,17
17,neutral,2,"Ich stimme der These nicht zu. Die Frage nach der Priorisierung von ökologischen und konventionellen Landwirtschaften ist oft im kontext der Bundeswahl gefragt, und ich kann keinen unbedingten Befund über die wahren Vorteile einer eines anderen Typs landwirtschaftlichen Ansatzes geben. Die Entscheidung für eine bestimmte Form von Landwirtschaft sollte basierend auf individuellen Interessen und Lebensweise getroffen werden.",1,3,17
18,Ich stimme zu,0,"Rechtsextremerische Aktivitäten sind eine ernsthafte Bedrohung für die gesellschaftliche Sicherheit und Gerechtigkeit. Sie verletzen grundlegende Menschenrechte und führen zu unglaubwürdigen Informationen in der Öffentlichkeit. Es ist daher wichtig, dass die Bundesregierung Projekte unterstützt wird, um Rechtsextremismus effektiv zu bekämpfen und die Demokratie aufrechtzuerhalten.",1,1,18
18,Ich stimme nicht zu,1,"Als wahrheitsgeänderter Bürger kenne ich die Tatsache, dass Projekte gegen rechtsextremistische Gefahren und Verbrechen auch andere Themen abdecken können. Der Bund ist ein allgemeines Rechtssystem und sein Amt sollte nicht nur auf bestimmte Themen beschränkt sein, sondern sowohl über Alltagssituationen wie Gesundheit oder Sozialleben als auch über politische Themen wie rechtsextremistische Gefahren.
Der Bund soll sich mit allen Fragen auseinandersetzen und diese sollten in der Regel von den anderen Mitgliedstaaten abgegeben werden. Darum ist es irrelevant, dass Projekt gegen Rechtsextremismus ein spezifisches Thema ist.""
}",1,2,18
18,Ich stimme nicht zu,1,"Projekte gegen Rechtsextremismus sind einer von vielen relevanten Themen der aktuellen Debatte über den Bundestag. Als wahlberechtigter Bürger, habe ich eine ausreichende Erkenntnis über die unterschiedlichen politischen Perspektiven und Interessenbereiche im Lande zu bewerten. In meinem Standpunkt möchte ich darauf hingehen, dass es auch für andere Themen gilt und nicht nur Projekte gegen eine spezifische Ideologie aufzuwachen sind.",1,3,18
19,Ich stimme zu,0,"Unternehmen sollten sicherstellen, dass ihre Zulieferpartner entsprechend den Menschenrechten und dem Umweltschutz handeln. Dies ist nicht nur ethischer, sondern auch eine notwendige Ausrichtung für ein wachsendes Verständnis von der Kommission über die Rolle der Unternehmen in dieser Richtung.",1,1,19
19,neutral,2,"Ich stimme nicht zu, dass Unternehmen ihre Verpflichtungen zur Einhaltung der Menschenrechte und des Umweltschutzes bei allen Zulieferern kontrollieren sollten. Meine Meinung hängt von der Möglichkeit ab, ob die Gesetze und Standards inzwischen verbessert oder aktualisiert wurden, um sich mit den wachsenden Herausforderungen anzufangen. ",1,2,19
19,Ich stimme zu,0,"Unternehmen, die als Verbraucher vorrichtungen in Deutschland stehen und über einen Einfluss auf die Befriedigung der Menschenrechte im Verkehrsgeschäft verfügen, sollten ihre Mitarbeiter dazu motivieren und fördern, dass diese Zulieferer den Einhaltung von Menschenrechten und Umweltgesetzlichkeiten bei allen ihrer Lieferungen durchführen müssen. Unternehmen können auch die Kunden für höhere Ziele der Zufriedenheit von ihren Dienstleistungsqualitäten einladen. Es ist wichtig, dass die Firma ihre Mitarbeiter motiviert, aber sie sollen auch darauf achten, dass der Aufwand für eine geringere Zulieferkosten nicht bedingt wird.",1,3,19
20,Ich stimme nicht zu,1,"Die Ausbildungsförderung BAföG sollte unabhängig von dem Einkommen seiner Eltern sein, um so größere Auswirkungen auf die individuelle und gesellschaftliche Entwicklung der Kinder und Jugendlichen zu schaffen. Das System sollte darauf abzielen, dass jeder auch, selbst wenn er in einer bedingungslos armen Familie wohnt, sich anerzogen haben kann.",1,1,20
20,Ich stimme nicht zu,1,"Die Anpassung des Befreiungsgrads für Familienmitglieder in der Ausbildungsförderung nach dem Bundesgesetz zur Förderung der Bildung und Berufswidrigkeit (BAföG) sollte ein System ermöglichen, das die wirtschaftliche Bedingung der Eltern nicht beeinflusst. Eine Abhängigkeit vom Einkommen führt zu einer Missstrukturierung der Sozialversicherungsgarantien auf Grundlage von Wettbewerbsbedingungen und kann dazu beitragen, dass Menschen ihre Arbeitslosigkeit in Bezug auf ihre Ausbildungsförderungsrechte nicht ausgeschlossen werden. Daher ist es wichtig, die Anpassung des Befreiungsgrads für Familienmitglieder im BAföG für Familien mit niedrigerem Einkommen zu",1,2,20
20,Ich stimme nicht zu,1,"Die Ausbildungsförderung im Rahmen des Bereichs 'Baufördereinrichtungen' (BAföG) wird seit dem Jahr 2015 auf Grundlage des Gesetzes zur Förderung der Bildungsreform (GBR) kontinuierlich überarbeitet. Eine neue Ausführungsordnung für den Bereich 'Bildungsstörungsförderung' wurde vom Bundesrat am 19. Dezember 2022 an die Bundesregierung delegiert und kann daher für das weitere Jahr der Anwendung stehen. Diese Maßnahmen bestreiten es, auch in Gebieten mit hohem Einkommensfall ein zu wachsendes Bildungsangebot aufzufordern. Daher ist eine Ablehnung dieser Theorie unvorteilhaft.",1,3,20
21,neutral,2,"Ich stimme nicht zu. In Deutschland gibt es seit über ein Jahrhundert keine Schuldenbremse im Grundgesetz basierend auf der EU-Grundschriften. Sie wurde für alle Bundesländer und die Europäische Union durchgezogen. Die Absicht, eine Schuldeinsparungsmaßnahme einzuführen, wäre daher unpraktisch und ungemäß.""",1,1,21
21,Ich stimme zu,0,"Schuldenbremse ist ein wichtiger Schutz für die deutsche Wirtschaft und den Volkswert. Es ermöglicht es Unternehmen, eine angemessene Investitionspause während der Krisenperiode und somit ein minimales Volumen der Wettbewerbsfähigkeit zu bewahren.",1,2,21
21,Ich stimme nicht zu,1,"Die Schuldenbremse, ein wichtiger Rechtsgrund für die Verteidigung von Währungs- und Finanzkatastrophen, könnte durch eine Änderung des Grundgesetzes gefährdet werden. Die Gleichverhältnisrechte der Europäischen Gemeinschaften betreffen nicht nur Schuldenberührungen in Deutschland, sondern auch die Mitgliedstaaten anderer europäischer Unionen. Eine Änderung dieses Rechtsesatzes könnte das gesamte politische System in Gefahr bringen und den Zusammenhalt der EU gefährden.",1,3,21
22,Ich stimme zu,0,"Es ist wichtig, Asylbewerber rechtzeitig bei der Arbeitswelt aufzunehmen. Ein schneller Zugang zur Beschäftigung kann helfen, die Integration in Deutschland anzulasten und den Asylbewerber am besten vorbereiten für seine Zukunftsperspektiven.",1,1,22
22,Ich stimme nicht zu,1,"Als Bürger möchte ich sicherstellen, dass alle Menschen gerecht behandelt werden und vorbehaltlos gelten, dass keine Person als Asylsuchende behandelt wird. Arbeitserlaubnis sollte nur nach einem gründlichen Nachweis der Notwendigkeit erfolgen. Der sofortige Austausch von Asyl mit Arbeit kann zu schädlichem Impact auf die Regierung führen und möglicherweise dazu führt, dass das System als eine einzige Klippe inszeniert wird.",1,2,22
22,Ich stimme nicht zu,1,"Ich stimme der Meinung des Auswägungsgebers, dass die Behandlung von Asylbewerbern zwingend mit den Grundsätzen der EU-Politik und der internationalen Rechtswettkräfte zusammenhängt. Diese sind nicht nur in Deutschland anwendbar, sondern auf全国er Basiskultur beruhen. Es ist daher unklug, die Arbeitserlaubnis einzufordern, bevor eine rechtliche Entscheidung über Asyl gemacht wurde.",1,3,22
23,Ich stimme nicht zu,1,"Die Befürworter des klimaneitenden Wachstums sind in Deutschland weit überwiegend. Sie hielten es für notwendig, um die globale Klimakrise zu bekämpfen und den Verlust von Lebensräumen durch das Überschreiten der Emissionsschwelle abzuurücken. Es ist nicht gerecht, Deutschland als klimasicher beizutreten, wenn es sich nicht auf die Idee mit der Klimaneutralisierung einlässt. Dies würde eine Form von Verpflichtung begründen, die Deutschland in den Griff nehmen müsste. Die Wichtigkeit eines geringen oder überhaupt einer negativen Auswirkungen für Deutschland ist hier unbedingt zu überprüfen.",1,1,23
23,Ich stimme nicht zu,1,"Klimaneutralität ist ein wichtiger Schritt in Richtung Umweltverschönerung und für den Erforderten Ausweichen von Veränderungen. Deutschland sollte daher klimaneutral werden, um die globale Effektiveleitung der Umweltauswirkungen zu unterstützen. Dies wäre eine Voraussetzung für ein nachhaltiges Wachstum und ein wertvoller Beitrag zur Erreichung des Zieleinflussreduktionseinsatzes.",1,2,23
23,Ich stimme nicht zu,1,"Ich befürworte die Idee des klimaneitrigen Winters in Deutschland. Zudem besteht eine große Menge an Geld und Expertise für das Ziel der klimasünderlichen Entwicklung, was dazu führen könnte, dass ein so großer Beitrag zur Umweltverträglichkeit im Deutschen Reich nicht realisiert wird.",1,3,23
24,Ich stimme nicht zu,1,"Die Erhebung der Gesamtstunden für Arbeitszeiten hat historische und rechtliche Gründe. Als EU-Grundgesetz ist die Regelung in Deutschland durch §10 Abs. 3 STG (Staatsratsgesetz) festgelegt, das die Bundesregierung beschliesst. Die Europäische Kommission kann aber kein Verbot der Arbeitszeitbeschränkungen abtun und nur auf Grundlage eines besonderen Rechtsanliegens ein Verbot fordern. Für eine Umsetzung der EU-Weisung würde es auch viele andere rechtliche Faktoren geben.",1,1,24
24,Ich stimme nicht zu,1,"Ich bin gegen eine einheitliche Arbeitszeitreform in Deutschland. Eine allgemeine Regelung könnte die Flexibilität und die persönlichen Bedürfnisse von Arbeitnehmern beeinträchtigen. Zudem wäre es schwierig, eine dauerhafte Lösung für alle zu finden.",1,2,24
24,Ich stimme nicht zu,1,"Die deutsche Arbeitsrechtsgesetze sind bereits sehr strukturiert und reichen über eine einfache Regelarbeitszeit hinweg. Die Anwendung einer endgültigen 35-Stunden-Woche würde die Arbeitswerte weitüberschreiten und unerwünschte Veränderungen bedeuten, was für Arbeitsleute und Unternehmen negative Auswirkungen haben würde.",1,3,24
25,Ich stimme nicht zu,1,"Schwangerabbrüche, insbesondere für die erste schwere Erscheinung, sollten immer wieder mit dem Gesundheitsamt zusammengebracht werden. Es wäre unprofessionell und riskant, die Entscheidungen eines Fachmanns ohne weitere Unterstützung vorwegzusetzen.",1,1,25
25,neutral,2,"Ich stimme nicht zu dieser Thesis zu. Es ist wichtig, dass die Entscheidungen über Schwangerschaftsabbrüche an der Lebensqualität der Frau und der Familie reichen, wenn es um die gesunde Entwicklung eines Kindes geht. Eine straffere Anwendung könnte die Freiheit für eine verantwortungsvolle Handlung verletzen.",1,2,25
25,neutral,2,"Ich stimme nicht zu dieser These, da sie die Würde und Rechte der Frauen missachtet. Schwangerschaftsabbrüche sollten immer nach berufstagskritischen Überlegungen ausgewertet werden.",1,3,25
26,Ich stimme nicht zu,1,"Die Währungswechselgesetze und -verordnungen der EU garantieren die Möglichkeit, dass es an einer deutschen nationalen Währung nicht gehen würde. Die Europäische Zentralbank könnte in einem extremen Fall sogar den Betrieb des Euro abbrechen lassen. Daher wäre eine nationale Währung für Deutschland nicht möglich oder sicher. Auch wenn das Thema weit gefasst in die Diskussion gehört, ist es unangemeldet zu behaupten, dass sie ersetzt werden müssten.",1,1,26
26,Ich stimme nicht zu,1,Ich verstehe die Bedeutung der Euro und seine Rolle im internationalen Wettbewerb. Eine nationale Währung wäre bei einer wirtschaftlichen Notifikation unangenehm für Deutschland sein können. Deshalb bin ich gegen eine so abrupte Abstimmung.,1,2,26
26,Ich stimme nicht zu,1,"Ich bin ein wahlberechtigter Bürger in Deutschland und befürwchte eine nationale Währung, um die Flexibilität der Währungspolitik zu gewinnen. In meinen Augen wäre es unverzeihlich, das Eurosystem im Schatten von nationaler Politik stehen zu lassen.",1,3,26
27,Ich stimme nicht zu,1,"Ich bin skeptisch über das Vorrätsel mit der Schiene. Obwohl es sicher viele Anwendungen für eine bessere Verkehrssicherheit und effiziente Transportsysteme bietet, besteht auch ein gewisses Risiko und die Möglichkeit einer Ausfallverschuldung. Es wäre daher besser, einen proportionalen Plan auf verschiedene Technologien zu legieren.",1,1,27
27,Ich stimme nicht zu,1,"Schließt Vorsichtsmaßnahmen und Sicherheitsbedenken mit ein. Im Grunde bedarf es einer strukturierten und geduldigen Planung, um die Schieneninfrastruktur im gesamten Land anzulegen. Ein großer Ausbau könnte zu unerwünschten Warteschlangen führen und Hindernissen für die Bevölkerung geben.",1,2,27
27,Ich stimme nicht zu,1,Die Schiene sollte für Ab行车使用优先，因为它是安全和环保的。然而，它通常不适合大范围、高频率的客运需求。相比之下，高速公路能提供更高效的运输服务。此外，公共交通系统在连接城市间和缓解交通拥堵方面也有重要作用。,1,3,27
28,neutral,2,"Ich stimme der Thesis nicht zu. Es ist wichtig, die ethische Bewertung von Tätigkeit und Rente zu unterscheiden. Zudem würde das aufgrund geltender Rechtsvorschriften und wirtschaftlicher Anpassungen die Zukunftsoffenlegensubventionen stark beeinflussen.",1,1,28
28,neutral,2,"Ich stimme nicht zu, dass Ehrenamtliche Tätigkeiten auf die zukünftige Rente angerechnet werden sollten. Diese Tätigkeit bringt oft gesellschaftliche und soziale Schritte um, die den Reichtum der Gesellschaft erkaufen. Es ist jedoch wichtig, sicherzustellen, dass diese Tätigkeit nicht über die Zukunft vorausgesetzt wird oder an eine Rente gebunden ist.",1,2,28
28,Ich stimme nicht zu,1,"Die Erhebung von Einkommen aus Ehrenamtlichen Tätigkeit kann in vielen Fällen den Menschen, die diese Aktivitäten durchführen, finanzielle Schwierigkeiten verursachen. Es könnte auch als ein Verringerung der Möglichkeit für den Einzelnen, in seinem Beruf zu arbeiten, empfunden werden. Daher ist es wichtig, dass diese Tätigkeit nicht auf die zukünftige Rente angerechnet wird.",1,3,28
29,Ich stimme nicht zu,1,"Die Grundsteuer ist ein wichtiger Teil des sozialen Sektors und sollte kontinuierlich geringer werden, insbesondere bei Rentenaufreichten. Dies könnte helfen, die Armut in Deutschland zu reduzieren.",1,1,29
29,Ich stimme nicht zu,1,"Die Grundsteuer ist ein wichtiger Bestandteil der Steuersysteme in Deutschland und sollte für die Gesellschaft, insbesondere die Rentnerpopulationen, sowohl Vorteile als auch Nachteile haben. Die Umsetzung einer Grundsatzreform sollte nicht dazu führen, dass Menschen in finanzielle Schwierigkeiten aus dem Grundsteuerbereich herausgedrängt werden oder ihre sozialen Unterstützung bedauernswerte Auswirkungen haben können.",1,2,29
29,neutral,2,"Ich stimme nicht dazu. Grundsteuer ist ein wirtschaftsrechtliches Instrument, das verwendet wird, um Vermögensverteilung zu verfeinern. Es gibt keine direkte Bedeutung der Grundsteuer im Fall eines Mieterstreits. Wichtiges dabei wäre die Prämierung des Mieters oder der Mieterinnen, aber es ist nicht unbedingt ein fester Bestandteil des Vertrags zwischen dem Mieter und den Mieterinnen.",1,3,29
30,Ich stimme nicht zu,1,"Streitigkeiten im Bereich der kritischen Infrastrukturen sind ziemlich spezifisch und sollten daher auch streikrechtliche Regelungen wären in einem solchen Umfeld ausgeschlossen sein. Die Sicherheit dieser Bereiche ist sehr wichtig für alle Bürger, da sie für uns alle notwendige Dienstleistungen aufbauen.",1,1,30
30,Ich stimme nicht zu,1,"Die Befürworter des Streikrechts meistern bereits die Notwendigkeit, sie umfassender zu formulieren. Eine besondere Sache der kritischen Infrastruktur ist sicherlich die Tatsache, dass das Streikrecht in diesem Bereich eine wichtige Verteidigungsmöglichkeit darstellt, um Sicherheitsrisiken auszuschließen und so den Bedürfnissen und Anforderungen der Bürger zu entsprechen. Eine Einschränkung des Streikrechts würde somit ein unerwartetes Schrittwechsel in einer gesellschaftlichen und politischen Sichtweise geben.",1,2,30
30,Ich stimme nicht zu,1,Das Streikrecht für Beschäftigte in Unternehmen der kritischen Infrastruktur sollte unveränderd und streng nach dem allgemeinen Streikrecht des Landes gewahrt bleiben. ,1,3,30
31,Ich stimme nicht zu,1,"Es gibt keine offiziellen Rechte oder Fähigkeiten der Bürger, um Volksentscheidungen für die Bundesregierung abzustimmen. Diese Funktion liegt bei dem Landesverwaltungsrat und anderen politischen Behörden in allen Ländern Deutschland. Die Möglichkeit von Volksentscheidungen auf Bundesebene würde zu einer erheblichen Veränderung der aktuellen politischen Strukturen und Politikbedingungen führen, die wir als Bürger verhindern möchten.",1,1,31
31,neutral,2,"Ich stimme nicht der Thesis zu. Es ist wichtig, dass die gesamte Bundesrepublik Deutschland eine einheitliche Meinung über politische Fragen hat, was es für die Stabilität und Gleichgültigkeit einer Demokratie bedeuten würde. Volksentscheidungen könnten dazu führen, dass verschiedene Regionen unterschiedlich entscheiden würden und daher auch differenziert in ihren Reaktionen auf politische Fragestellungen sein müssten.",1,2,31
31,neutral,2,"Ich stimme nicht zu, da das Thema in der Praxis noch sehr ungewiss ist und aktuelle rechtliche Rahmenbedingungen für die Durchsetzung solcher Entscheidungsträgerleistungen fehlen. ",1,3,31
32,neutral,2,"Ich stimme nicht zu. Das Strafgesetz der Bundesrepublik Deutschland unter Beachtung der Jugendlichen im Alter von 14 bis 18 Jahren ist bereits sehr straff angestrengt und es wurde bei vielen Fällen nach dem Schlag auf den Kopf mit Strafe gekommen, weshalb ich die Einbeziehung in das Strafgesetz garantiere. Dieser Vorschlag wäre zu einfach und würde zu viel Missstände führen.",1,1,32
32,Ich stimme nicht zu,1,"Die Strafgesetze in Deutschland basieren auf dem Recht von Ärgerlosigkeit, also einer ablehnenden Position gegenüber der Behandlung von Kindern in Straftaten. Strafstrafe für Personen unter 14 Jahren ist daher ein Missbrauch dieses Rechtsprinzinks und zeigt die Fehleinstellung in Bezug auf das Schutzvermögen von Kindern.",1,2,32
32,Ich stimme nicht zu,1,"In Deutschland besteht der Anspruch auf Strafbarkeit von Jugendlichen beschränkt sich auf die Verbrechen, die im Jahr 14 Jahren begangen wurden oder deren Folgen sofort nachgesagt werden können. Diese Schranken sind bereits aufgrund der aktuellen Verhältnisse gering und würden durch eine Fortsetzung des Gesetzes noch nicht verbessert werden.",1,3,32
33,Ich stimme nicht zu,1,"Die Abschaffung von EU-Zölten könnte negative Auswirkungen auf die EU-Führung und ihre Verhandlungen mit anderen Ländern haben. Deutschland würde sich in der Lage sein, weniger Zölle anzuerkennen, was bei einem Wettbewerb mit China zu einer ineffizienten Konzession führen könnte. Außerdem wäre es schwierig für Deutschland, eine echte Rolle in EU-Verhandlungen zu spielen, wenn es keinen Rechtsvorschriften zur Verfügung steht.",1,1,33
33,Ich stimme nicht zu,1,"Abschließende EU-Zölle auf Chinesische Elektroautos, was die Wettbewerbsfähigkeit der deutschen Automarken verletzen würde. Auch in den USA sind diese Zölle noch geringere als in Deutschland.",1,2,33
33,Ich stimme nicht zu,1,"Es ist wichtig zu berücksichtigen, dass EU-Zölle für Elektronikprodukte wie Autozeigerungen als Energiekonsumptionstherme in der Regel erhöht werden. Zu starke Zölle könnten damit einen Nachteil gegenüber dem Import von chinesischen Produkten haben und somit die Wettbewerbsfähigkeit Deutschlands einschränken. Daher ist es mehrwertvoll, den Markt für Elektronikprodukte in der EU zu fördern als stattdessen negative Auswirkungen auf andere Länder zu vermeiden.",1,3,33
34,neutral,2,"Ich stimme nicht zu, da die deutsche Staatsbürgerschaft in Deutschland sowohl politisch als auch rechtlich einzigartig ist und es daher für viele Menschen eine bedeutende Schwierigkeit darstellte, zweiteren Status zu haben. Dies war sowohl bei der Wahlberechtigung als auch im Erwerbsvermögen begründet.",1,1,34
34,Ich stimme nicht zu,1,"In Deutschland gibt es verschiedene Rechte und Pflichten, die auf dem Recht der Bürger beruhen. Eine zweite Staatsbürgerschaft würde die Verpflichtungen an den ökonomischen Alltag der deutschen Bevölkerung beeinträchtigen und könnte negative Auswirkungen auf die Integration in Deutschland haben.",1,2,34
34,neutral,2,"Ich stimme nicht zu. Die Rechte einer Person sollten unabhängig von der Ernennung eines Staates oder einer Zugehörigkeit dazu bleiben. Es ist wichtig, dass alle Bürger gleichbedeutend gelten und ihre Menschenrechte wahrheitsgemäß ausüben können.",1,3,34
35,Ich stimme nicht zu,1,"Ein solches Vorhaben würde in Deutschland möglicherweise zu Anstrengungen führen und die Schulbibliothek erschweren. Es ist wichtig, die Jugendliche Verantwortung für ihre Schulbibliotheken überwachen zu lassen und durchaus nachzusehen, ob sie so gereinigt sind wie sie sollten.",1,1,35
35,Ich stimme nicht zu,1,"Soziale Pflichtjahre sind traditionell für Jüngere und Jugendliche vorgeschaltet, da sie durch eine längere Erziehung und Unterstützung besser auf sich aufpassen können. Für junge Erwachsene sollte eine andere Strategie angewandt werden, um ihnen im Leben ausreichend Kontrolle über ihre Handlungen und Verhaltensweisen zu gewährleisten.",1,2,35
35,Ich stimme nicht zu,1,"Ein soziales Pflichtjahr könnte erhebliche Diskriminierungen gegen junge Erwachsene auslösen. Es ist wichtig, dass jeder Mensch gleich behandelt wird und kein Alter als Vorurteil verwendet wird. Also stimme ich der These widerspenfter.",1,3,35
36,Ich stimme nicht zu,1,"Dieser Wunsch widerspricht der Zielsetzung des Energiewende-Projekts, das darauf abzielt die Energieerzeugung von fossilen Brennstoffen einzuführen. Die Planung und Implementierung dieser Themen auf dem nationalen Ebene sollten jedoch in Zusammenarbeit mit dem Bundesrat erfolgen.",1,1,36
36,Ich stimme nicht zu,1,"Die Erfindung von neueren Heizungsanlagen sollte auf eine genaue Nachverfolgung und Kostenvorhängemachung des Emissionswerts hindeuten. Es ist wichtig, dass die Kosten für den Einsatz fossiler Brennstoffe in Betracht gezogen werden, um ein geringeres Umweltverletzungsgrad zu erreichen. Darüber hinaus sollte die Erfindung einer Heizung mit fossilen Brennstoffen eine genaue und vorzeitige Information über den erwarteten Emissionsrisiko geben, der Benutzer kann dann entscheiden, ob diese Risiken für ihn wertvoll sind oder nicht.",1,2,36
36,Ich stimme nicht zu,1,"Neue Heizungsanlagen sollten nach dem Einführungsgesetz in der EU-Grundverschlüsselung von 2019 als erheblich klimaschädig mit fossilen Brennstoffen betrieben werden dürfen. Dies ist jedoch gegen die Wirkung der Verordnung über Heizung und Heise (Urbanische Gemeinde) 2019 gefährdet, die vorspricht für eine erhebliche Verbesserung der klimaschädigsten Energieerzeugungsformen im Hause. In Deutschland müssen daher neue Heizungen komplett mit erneuerbaren Energien betrieben werden.",1,3,36
37,Ich stimme zu,0,"Der Gesetzliche Mindestlohn in Deutschland ist seit dem Jahr 2015 begrenzt und wird nicht wettbewerbsmäßig erhöht. Da die Wirtschaftsfähigkeit in der EU-Gemeinschaft stark gestiegen ist, erfordert es eine höhere Auslastung des Arbeitgebers für einen so langfristigen Anstieg der Löhne. Die Erhöhung von 15 Euro kann daher als potenziell angemessen betrachtet werden.",1,1,37
37,Ich stimme nicht zu,1,"Der Gesetzliche Mindestlohn in Deutschland ist bereits im Jahr 2023 umgewandelt worden. Es wurde erheblich überarbeitet und aufgesetzt, wodurch eine Erhöhung des Mindestlohns abrühren würde. Daher wird diese These nicht als gültig anerkannt.",1,2,37
37,neutral,2,"Ich stimme nicht zu. Die Gesetzesvorschrift über den Mindestlohnturm besagt, dass der Minimumlohn in Deutschland immer bis zur Erreicheung der Volljährigkeitsbedingungen von 16 Jahren auf 7,95 Euro pro Stunde erhöht werden soll. Heutzutage ist das nicht mehr zwingend notwendig und führt zu einem wirtschaftlichen Leichtverlust für Unternehmen und zu einer ständig höheren Arbeitslosigkeit. Daher ist der Aufbau eines integrierten Kompensationsysteme wichtiger als ein individueller Minimumlohn.",1,3,37
