question_nr,thesis,answer_gpt-4o-mini_1,reason_gpt-4o-mini_1,numeric_gpt-4o-mini_1,weighted_gpt-4o-mini_1,answer_o3-mini_2,reason_o3-mini_2,weighted_o3-mini_2,answer_llama3.2_latest_1,reason_llama3.2_latest_1,numeric_llama3.2_latest_1,weighted_llama3.2_latest_1,numeric_o3-mini_2,answer_gpt-4o_1,reason_gpt-4o_1,numeric_gpt-4o_1,weighted_gpt-4o_1,answer_claude-3-5-haiku-20241022_1,reason_claude-3-5-haiku-20241022_1,numeric_claude-3-5-haiku-20241022_1,weighted_claude-3-5-haiku-20241022_1
0,Deutschland soll die Ukraine weiterhin militärisch unterstützen.,Ich stimme zu,"Die militärische Unterstützung der Ukraine ist entscheidend, um ihre Souveränität und territoriale Integrität zu wahren. Angesichts der laufenden Aggression und der Bedrohung durch Russland ist es wichtig, dass Deutschland und die internationalen Partner der Ukraine zur Seite stehen. Eine starke Unterstützung kann dazu beitragen, den Konflikt zu entschärfen und eine Stabilität in der Region zu fördern. Zudem sendet dies ein wichtiges Signal gegen Aggression und für die Verteidigung von Demokratie und Rechtsstaatlichkeit.",0,0,Ich stimme zu,"Die militärische Unterstützung stärkt die Souveränität der Ukraine und hilft, die Stabilität in Europa zu sichern – ein wichtiger Beitrag zur Verteidigung demokratischer Werte.",1,ich stimme nicht zu,"Die weitere militärische Unterstützung der Ukraine kann zu einer Eskalation des Konflikts führen und möglicherweise nicht den erforderlichen politischen Kompromiss in der EU und im internationalen Rahmen erreichen. Eine nachhaltige Lösung erfordert auch eine differenziertere Unterstützung, wie etwa humanitäre Hilfe und wirtschaftliche Entwicklung.",1,1,0,Ich stimme zu,"Die militärische Unterstützung der Ukraine durch Deutschland ist wichtig, um die territoriale Integrität und Souveränität der Ukraine zu wahren. Diese Unterstützung hilft, die europäische Sicherheit und Stabilität zu gewährleisten, insbesondere angesichts der Bedrohung durch externe Aggressionen. Eine starke Unterstützung sendet auch ein klares Signal der Solidarität mit der Ukraine und anderen Ländern, die sich für Demokratie und Selbstbestimmung einsetzen. Darüber hinaus ist Deutschland als Mitglied der Europäischen Union und der NATO verpflichtet, zur kollektiven Verteidigung und zur Förderung von Frieden und Sicherheit in Europa beizutragen.",0,0,neutral,"Die Unterstützung der Ukraine ist eine komplexe geopolitische Frage. Einerseits ist es wichtig, die Souveränität und territoriale Integrität der Ukraine zu verteidigen und Russlands Aggression zu begrenzen. Andererseits besteht die Gefahr einer weiteren Eskalation des Konflikts. Eine militärische Unterstützung sollte sorgfältig abgewogen werden, um Frieden und Stabilität in der Region zu fördern. Gleichzeitig müssen diplomatische Lösungen und wirtschaftliche Sanktionen weiter verfolgt werden. Die Sicherheit der Zivilbevölkerung und die Vermeidung weiterer Opfer sollten dabei höchste Priorität haben.",2,0
1,Der Ausbau erneuerbarer Energien soll weiterhin vom Staat finanziell gefördert werden.,Ich stimme zu,"Der Ausbau erneuerbarer Energien ist entscheidend für die Bekämpfung des Klimawandels und die Reduzierung von Treibhausgasemissionen. Staatliche Förderungen sind notwendig, um den Übergang zu einer nachhaltigen Energieversorgung zu beschleunigen, Innovationen zu unterstützen und die Wettbewerbsfähigkeit der erneuerbaren Energien im Vergleich zu fossilen Brennstoffen zu erhöhen. Zudem kann die finanzielle Unterstützung dazu beitragen, die Akzeptanz in der Bevölkerung zu fördern und Arbeitsplätze in der grünen Technologiebranche zu schaffen.",0,1,Ich stimme zu,"Staatliche Förderung ist entscheidend, um den Übergang zu nachhaltigen Energiesystemen zu beschleunigen und den Klimawandel wirkungsvoll zu bekämpfen.",1,Ich stimme zu,Der Ausbau erneuerbarer Energien ist ein wichtiger Schritt zur Reduzierung der Treibhausgasemissionen und zum Schutz gegen den Klimawandel. Eine finanzielle Förderung durch den Staat unterstützt diese Entwicklung und fördert die Umstellung auf grünere Energiequellen.,0,1,0,Ich stimme zu,"Der Ausbau erneuerbarer Energien ist entscheidend, um den Klimawandel zu bekämpfen und die Abhängigkeit von fossilen Brennstoffen zu verringern. Staatliche Förderung kann helfen, die Anfangskosten zu senken und Investitionen in neue Technologien anzuregen. Darüber hinaus trägt der Ausbau erneuerbarer Energien zur Energiesicherheit und zur Schaffung neuer Arbeitsplätze bei. Ohne staatliche Unterstützung könnten viele Projekte nicht realisiert werden, da sie anfänglich nicht wettbewerbsfähig mit traditionellen Energiequellen sind.",0,1,Ich stimme zu,"Der Ausbau erneuerbarer Energien ist entscheidend für den Klimaschutz und die Energiewende. Staatliche Förderungen sind notwendig, um Investitionen in erneuerbare Technologien wie Solar- und Windenergie anzuregen, die Infrastruktur zu verbessern und den Übergang von fossilen Brennstoffen zu beschleunigen. Ohne finanzielle Unterstützung werden Unternehmen und private Investoren wahrscheinlich zögern, in diese Technologien zu investieren. Zudem helfen Förderprogramme, die Kosten für erneuerbare Energien zu senken und sie wettbewerbsfähiger zu machen. Dies ist nicht nur ökologisch sinnvoll, sondern trägt auch zur Energiesicherheit und Unabhängigkeit von Energieimporten bei.",0,1
2,"Das Bürgergeld soll denjenigen gestrichen werden, die wiederholt Stellenangebote ablehnen.",Ich stimme zu,"Ich halte es für wichtig, dass Menschen, die Unterstützung durch das Bürgergeld erhalten, auch aktiv an der Arbeitsaufnahme interessiert sind. Wenn jemand wiederholt Stellenangebote ablehnt, könnte dies darauf hindeuten, dass er oder sie nicht ernsthaft nach einem Job sucht. In einem sozialen Sicherungssystem sollte es Anreize geben, um aktiv nach Arbeit zu suchen und sich nicht auf staatliche Leistungen zu verlassen. Gleichzeitig sollte jedoch darauf geachtet werden, dass die Angebote fair und angemessen sind, um sicherzustellen, dass niemand in eine unfaire Situation gedrängt wird.",0,0,Ich stimme nicht zu,Eine pauschale Streichung würde vulnerablen Personen zusätzlich schaden. Statt Sanktionen bedarf es einer individuellen Beratung und Unterstützung.,0,Ich stimme nicht zu,"Dieser Ansatz könnte zu einer Diskriminierung von Menschen führen, die aus beruflichen oder persönlichen Gründen keine Stelle annehmen möchten. Es ist wichtig, dass jeder Bürger das Recht hat, seine eigene Entscheidung über seinen Berufsweg zu treffen.",1,0,1,Ich stimme zu,"Das Bürgergeld ist eine staatliche Unterstützung, die dazu dienen soll, Menschen in Notlagen zu helfen und ihnen ein menschenwürdiges Leben zu ermöglichen. Eine Grundvoraussetzung für den Erhalt dieser Unterstützung ist, dass die Empfänger aktiv daran arbeiten, ihre Situation zu verbessern, was in vielen Fällen bedeutet, eine Arbeitsstelle anzunehmen. Wenn jemand wiederholt Stellenangebote ohne triftigen Grund ablehnt, kann dies darauf hindeuten, dass die Person nicht ausreichend motiviert ist, ihre Lage zu ändern. In solchen Fällen könnte es gerechtfertigt sein, das Bürgergeld zu streichen, um den Anreiz zu erhöhen, ernsthaft nach Arbeit zu suchen. Allerdings müsste dabei sichergestellt werden, dass die abgelehnten Stellenangebote zumutbar sind und die individuellen Umstände der Person berücksichtigt werden.",0,0,Ich stimme zu,"Eine konsequente Leistungskürzung bei wiederholter Weigerung, eine zumutbare Arbeit anzunehmen, halte ich für gerechtfertigt. Das Sozialstaatsprinzip basiert auf dem Grundsatz der Eigenverantwortung und gegenseitigen Unterstützung. Wer mehrfach zumutbare Arbeitsangebote ablehnt, zeigt fehlendes Engagement für die eigene Arbeitsmarktintegration. Eine Kürzung der Sozialleistungen kann in diesem Fall als Anreiz zur Arbeitsaufnahme und zur Überwindung der Arbeitslosigkeit dienen. Dies schützt sowohl die Solidargemeinschaft als auch den Einzelnen vor dauerhafter Passivität. Wichtig ist jedoch, dass die Kriterien für 'zumutbare Arbeit' und 'Ablehnung' klar definiert und transparent sind, um Willkür zu vermeiden.",0,0
3,Auf allen Autobahnen soll ein generelles Tempolimit gelten.,Ich stimme zu,"Ein generelles Tempolimit auf Autobahnen könnte zur Erhöhung der Verkehrssicherheit beitragen, da es die Geschwindigkeit der Fahrzeuge reguliert und somit das Risiko schwerer Unfälle verringert. Zudem könnte ein Tempolimit auch positiv für die Umwelt sein, da niedrigere Geschwindigkeiten den Kraftstoffverbrauch reduzieren und damit die CO2-Emissionen senken würden. Auch in Bezug auf den Verkehrsfluss könnte ein einheitliches Tempolimit helfen, Staus zu vermeiden, da die Geschwindigkeiten der Fahrzeuge besser aufeinander abgestimmt sind. Insgesamt halte ich ein generelles Tempolimit für sinnvoll, um sowohl die Sicherheit als auch den Umweltschutz zu fördern.",0,0,Ich stimme zu,"Ein Tempolimit kann zur Reduktion von CO₂-Emissionen, zur Verbesserung der Verkehrssicherheit und zu einem stressfreieren Fahralltag beitragen.",0,Ich stimme nicht zu,"Die Einführung eines generellen Tempolimits auf allen Autobahnen könnte die Bedürfnisse der verschiedenen Verkehrsträger wie LKW, Personenkraftwagen und Fußgänger nicht angemessen berücksichtigen. Darüber hinaus würde dies die Flexibilität des Verkehrsmanagements einschränken und möglicherweise zu Verkehrskollaps führen. Es wäre besser, wenn Tempolimits nur in bestimmten Situationen oder an bestimmten Strecken eingeführt würden.",1,0,0,Ich stimme zu,"Ein generelles Tempolimit auf Autobahnen kann mehrere Vorteile bieten. Es könnte zur Reduzierung von Verkehrsunfällen beitragen, da geringere Geschwindigkeiten oft mit einer höheren Verkehrssicherheit einhergehen. Zudem könnte ein Tempolimit helfen, den CO2-Ausstoß zu verringern, da Fahrzeuge bei moderateren Geschwindigkeiten in der Regel effizienter sind. Dies wäre ein positiver Beitrag zum Umweltschutz und zur Erreichung der Klimaziele. Auch der Lärmpegel entlang von Autobahnen könnte durch ein Tempolimit gesenkt werden, was Anwohnern zugutekommen würde. Diese Vorteile überwiegen aus meiner Sicht die Nachteile, wie etwa die längeren Fahrzeiten.",0,0,Ich stimme zu,"Ein generelles Tempolimit auf Autobahnen würde mehrere wichtige Vorteile bringen: Es erhöht die Verkehrssicherheit, reduziert die Unfallgefahr und senkt die Zahl schwerer Verkehrsunfälle. Zudem würde ein Tempolimit den CO2-Ausstoß deutlich verringern und somit einen Beitrag zum Klimaschutz leisten. Wirtschaftlich gesehen würde es auch Kraftstoff einsparen und die Lärmbelastung an Autobahnen vermindern. Die meisten europäischen Länder haben bereits Tempolimits, und Deutschland bildet hier eine Ausnahme. Ein Limit von beispielsweise 130 km/h wäre ein ausgewogener Kompromiss zwischen Mobilität und Umweltschutz.",0,1
4,"Asylsuchende, die über einen anderen EU-Staat eingereist sind, sollen an den deutschen Grenzen abgewiesen werden.",Ich stimme nicht zu,"Diese These lehnt die humanitäre Verantwortung ab, die Deutschland und andere EU-Staaten gegenüber schutzbedürftigen Personen haben. Asylsuchende fliehen oft vor Verfolgung, Krieg oder anderen lebensbedrohlichen Umständen, und es ist wichtig, dass sie die Möglichkeit haben, ihren Asylantrag unabhängig von ihrem Ankunftsland zu stellen. Eine solche Regelung würde zudem die europäische Idee der Solidarität und des gemeinsamen Handelns untergraben und könnte zu einer ungerechten Verteilung von Asylsuchenden innerhalb der EU führen.",1,0,Ich stimme nicht zu,"Diese Maßnahme widerspricht dem solidarischen Prinzip der EU und benachteiligt schutzbedürftige Menschen, die vor Verfolgung fliehen.",0,Ich stimme nicht zu,"Die Aufforderung, Asylsuchende am deutschen Grenzraum abzuweisen, wirft ernsthafte ethische und rechtliche Fragen auf. Deutschland hat sich zum Asylverbot entschlossen, sich aber international verpflichtet, den Schutz von Flüchtlingen zu gewährleisten. Eine solche Maßnahme könnte als Verletzung dieser Pflicht angesehen werden und würde wahrscheinlich zu internationalen Spannungen führen.",1,0,1,Ich stimme nicht zu,"Das Abweisen von Asylsuchenden, die über einen anderen EU-Staat eingereist sind, würde dem Grundsatz des non-refoulement widersprechen, der besagt, dass niemand in ein Land zurückgeschickt werden sollte, wo ihm Verfolgung droht. Außerdem könnte dies zu humanitären Problemen führen, wenn Menschen an der Grenze stranden. Das europäische Asylsystem, insbesondere die Dublin-Verordnung, sieht vor, dass der Erstaufnahmestaat für die Bearbeitung des Asylantrags zuständig ist, jedoch gibt es viele Kritikpunkte an diesem System, da es Länder an den EU-Außengrenzen unverhältnismäßig belastet. Eine gerechtere Verteilung und Bearbeitung der Asylanträge innerhalb der EU wäre eine bessere Lösung.",1,0,neutral,"Die Frage der Asylpolitik ist sehr komplex. Einerseits muss Deutschland internationalen Verpflichtungen zum Flüchtlingsschutz nachkommen und Menschen in Not helfen. Andererseits braucht es klare Regelungen zur Steuerung von Zuwanderung. Die Dublin-Verordnung sieht bereits vor, dass Asylsuchende in dem EU-Land Asyl beantragen sollen, in dem sie zuerst ankommen. Eine generelle Zurückweisung an der Grenze würde jedoch humanitäischen Prinzipien widersprechen und individuelle Schutzbedürfnisse nicht berücksichtigen. Eine differenzierte, einzelfallbezogene Prüfung wäre sinnvoller.",2,0
5,Bei Neuvermietungen sollen die Mietpreise weiterhin gesetzlich begrenzt werden.,Ich stimme zu,"Die gesetzliche Begrenzung von Mietpreisen bei Neuvermietungen ist notwendig, um den Wohnungsmarkt für breite Bevölkerungsschichten erschwinglich zu halten. In vielen Städten steigen die Mieten kontinuierlich, was insbesondere für einkommensschwächere Haushalte eine große Belastung darstellt. Eine gesetzliche Regelung kann dazu beitragen, Spekulationen und übermäßige Preisanstiege zu verhindern und eine soziale Durchmischung in den Städten zu fördern. Zudem sorgt eine Mietpreisbremse für mehr Planungssicherheit sowohl für Mieter als auch für Vermieter.",0,0,Ich stimme zu,"Eine gesetzliche Mietpreisbegrenzung ist ein wirksames Instrument, um den Anstieg der Wohnkosten zu dämpfen und bezahlbaren Wohnraum zu sichern.",0,Ich stimme nicht zu,"Einige Experten argumentieren, dass eine Entlastung der Mieter durch eine Abschaffung der gesetzlichen Mietpreisbegrenzung zu einer Zunahme von Preisschwankungen und Unvorhersehbarkeit führen könnte. Darüber hinaus könnten höhere Mietpreise das Angebot an Wohnraum einschränken und zu einer Nachfrage- und Angebotsspur führen, was die Auswirkungen der Inflation auf die Mieter ebenfalls nicht unbedingt ausgleichen würde.",1,0,0,Ich stimme zu,"Die Begrenzung der Mietpreise bei Neuvermietungen, wie sie zum Beispiel durch die Mietpreisbremse umgesetzt wird, kann helfen, die zunehmende Wohnraumknappheit und die damit verbundenen steigenden Mietpreise in Ballungsgebieten zu kontrollieren. Ohne solche gesetzlichen Regelungen könnten Vermieter die Preise stark anheben, was insbesondere in Städten mit hoher Nachfrage zu einer erheblichen finanziellen Belastung für Mieter führen könnte. Eine gesetzliche Begrenzung kann somit dazu beitragen, dass Wohnen bezahlbar bleibt und die soziale Durchmischung in städtischen Gebieten erhalten bleibt. Allerdings müssen solche Regelungen gut durchdacht und effektiv umgesetzt werden, um mögliche negative Auswirkungen auf den Wohnungsbau und die Bereitschaft von Investoren, in den Wohnungsmarkt zu investieren, zu vermeiden.",0,1,Ich stimme zu,"Eine Mietpreisbegrenzung ist wichtig, um bezahlbaren Wohnraum in Ballungsgebieten zu sichern. Ohne Regulierung steigen die Mieten oft so stark, dass normale Arbeitnehmer sich eine Wohnung nicht mehr leisten können. Die Mietpreisbremse schützt Mieter vor übermäßigen Preissteigerungen und trägt zur sozialen Stabilität bei. Gerade in Städten mit angespanntem Wohnungsmarkt wie Berlin, München oder Hamburg ist eine solche Regulierung sinnvoll, um Verdrängungsprozesse zu verhindern und eine ausgewogene Stadtentwicklung zu gewährleisten.",0,0
6,An Bahnhöfen soll die Bundespolizei Software zur automatisierten Gesichtserkennung einsetzen dürfen.,Ich stimme nicht zu,"Die automatisierte Gesichtserkennung wirft erhebliche datenschutzrechtliche und ethische Bedenken auf. Sie könnte zu einer massiven Überwachung und zu Fehlidentifikationen führen, was das Recht auf Privatsphäre und die individuelle Freiheit einschränkt. Zudem gibt es Bedenken hinsichtlich der Wirksamkeit solcher Systeme und der Möglichkeit von Diskriminierung gegenüber bestimmten Bevölkerungsgruppen. Die Gefahren einer unkontrollierten Überwachung überwiegen meiner Meinung nach die potenziellen Vorteile in der Kriminalitätsbekämpfung.",1,0,Ich stimme nicht zu,Der Einsatz dieser Technologie stellt einen erheblichen Eingriff in die Privatsphäre dar und birgt große Datenschutzrisiken.,0,Ich stimme nicht zu,"Die Einführung von Gesichtserkennungs-Software zur Überwachung von Passagieren in Bahnhöfen wirft ernsthafte Bedenken hinsichtlich der Privatsphäre und Sicherheit der Betroffenen auf. Es ist wichtig, dass solche Maßnahmen strengen Datenschutzvorschriften unterliegen und die Zustimmung der Beteiligten einholen, bevor Gesichter erfasst werden.",1,0,1,Ich stimme nicht zu,"Der Einsatz von Software zur automatisierten Gesichtserkennung an Bahnhöfen wirft erhebliche datenschutzrechtliche und ethische Bedenken auf. Einerseits besteht die Gefahr, dass die Privatsphäre von Bürgern massiv verletzt wird, da biometrische Daten ohne deren ausdrückliche Zustimmung erfasst und verarbeitet werden könnten. Andererseits gibt es Bedenken hinsichtlich der Genauigkeit und Fairness solcher Systeme, da sie möglicherweise Vorurteile aufweisen und bestimmte Bevölkerungsgruppen diskriminieren könnten. Zudem besteht das Risiko eines Überwachungsstaates, in dem die Bewegungsfreiheit der Menschen eingeschränkt wird. Daher halte ich den Einsatz solcher Technologien im öffentlichen Raum für problematisch und lehne ihn ab.",1,0,Ich stimme nicht zu,"Die automatisierte Gesichtserkennung an Bahnhöfen greift massiv in die Privatsphäre und Grundrechte der Bürger ein. Sie stellt einen unverhältnismäßigen Eingriff in die persönliche Freiheit dar und birgt große Risiken für den Datenschutz. Es besteht die Gefahr des Missbrauchs und der umfassenden Überwachung unbescholtener Bürger. Moderne Sicherheitstechnologien sollten auf Verhältnismäßigkeit, Datenschutz und Bürgerrechte achten. Stattdessen sollten andere Sicherheitsmaßnahmen wie gezielte Kontrollen und Präsenz von Sicherheitskräften bevorzugt werden.",1,0
7,Energieintensive Unternehmen sollen vom Staat einen finanziellen Ausgleich für ihre Stromkosten erhalten.,neutral,"Energieintensive Unternehmen spielen eine wichtige Rolle in der deutschen Wirtschaft, und hohe Stromkosten können ihre Wettbewerbsfähigkeit beeinträchtigen. Ein finanzieller Ausgleich könnte helfen, Arbeitsplätze zu sichern und die Industrie zu unterstützen. Allerdings könnte dies auch zu einer Verzerrung des Wettbewerbs führen und die Staatsausgaben erhöhen. Es ist wichtig, die Vor- und Nachteile sorgfältig abzuwägen, um eine faire und nachhaltige Lösung zu finden.",2,0,Ich stimme nicht zu,Solche Ausgleiche können den notwendigen Strukturwandel behindern und Wettbewerbsverzerrungen begünstigen.,0,Ich stimme nicht zu,Ein finanzieller Ausgleich für energieintensive Unternehmen würde die Kostenbelastung der deutschen Steuerzahler erhöhen und den Wettbewerbsvorteil solcher Unternehmen gegenüber anderen Branchen in Deutschland potenzieren könnte.,1,1,1,neutral,"Energieintensive Unternehmen können durch hohe Stromkosten wirtschaftlich belastet werden, was ihre Wettbewerbsfähigkeit im internationalen Markt beeinträchtigen könnte. Ein finanzieller Ausgleich seitens des Staates könnte helfen, Arbeitsplätze zu sichern und die Wirtschaft zu stabilisieren. Allerdings könnte dies auch zu einer Verzerrung des Marktes führen und den Anreiz für Unternehmen verringern, selbst in energieeffiziente Technologien zu investieren. Zudem könnte die Finanzierung solcher Ausgleiche durch den Staat zu einer Belastung für den Steuerzahler führen. Daher ist es wichtig, die genauen Umstände und Mechanismen eines solchen Ausgleichs zu berücksichtigen, bevor eine endgültige Meinung gebildet wird.",2,0,neutral,"Es gibt Argumente sowohl für als auch gegen einen staatlichen Ausgleich für energieintensive Unternehmen. Einerseits können hohe Stromkosten die Wettbewerbsfähigkeit deutscher Industrien beeinträchtigen und Arbeitsplätze gefährden. Andererseits sollte der Staat nicht einseitig einzelne Wirtschaftszweige subventionieren. Ein Ausgleich könnte sinnvoll sein, wenn er an Bedingungen wie Energieeffizienz und Klimaschutzmaßnahmen geknüpft wird. Die Unterstützung sollte transparent und zeitlich begrenzt sein, um Innovationsanreize zu schaffen und nicht dauerhaft marktwirtschaftliche Mechanismen zu verzerren.",2,0
8,Alle Beschäftigten sollen bereits nach 40 Beitragsjahren ohne Abschläge in Rente gehen können.,Ich stimme zu,"Ich befürworte die Idee, dass Beschäftigte nach 40 Beitragsjahren ohne Abschläge in Rente gehen können, da dies eine gerechte Anerkennung der langjährigen Arbeit und des Engagements der Menschen darstellt. Viele Arbeitnehmer haben ihr ganzes Leben lang in die Rentenkasse eingezahlt und sollten dafür die Möglichkeit haben, in den Ruhestand zu gehen, ohne finanzielle Einbußen hinnehmen zu müssen. Dies könnte auch dazu beitragen, ältere Arbeitnehmer zu ermutigen, in den Ruhestand zu gehen und Platz für jüngere Arbeitnehmer zu schaffen. Zudem könnte es den Druck auf die soziale Sicherungssysteme verringern, wenn Menschen nicht gezwungen sind, länger zu arbeiten, als sie es sich wünschen.",0,0,Ich stimme zu,"Eine frühzeitige Rente fördert soziale Gerechtigkeit, indem sie die Balance zwischen Lebensarbeitszeit und Lebensqualität unterstützt.",0,Ich stimme nicht zu,"Ein sofortiger Ruhestand nach 40 Jahren Beschäftigung könnte zu einer Überlastung des Rentensystems führen und möglicherweise zu einer ungewollten Senkung der Lebenserwartung führen, da sich die Bevölkerung altersbedingter gesundheitlicher Probleme nicht schnell genug anpassen würde. Es ist auch wichtig, dass ein systematischer Ansatz zur Altersvorsorge entwickelt wird, um eine faire und nachhaltige Rentenfinanzierung zu gewährleisten.",1,0,0,Ich stimme zu,"Die Möglichkeit, nach 40 Beitragsjahren ohne Abschläge in Rente zu gehen, würde vielen Arbeitnehmern mehr Flexibilität und Planbarkeit in ihrer Lebensgestaltung bieten. Für viele Menschen, die früh in das Berufsleben eingetreten sind, wäre dies eine Anerkennung ihrer langjährigen Arbeitsleistung. Zudem könnte es gesundheitliche Vorteile haben, da es Arbeitnehmern ermöglicht, in einem angemessenen Alter in den Ruhestand zu treten, bevor gesundheitliche Probleme auftreten. Allerdings muss auch sichergestellt werden, dass das Rentensystem finanziell tragfähig bleibt, weshalb eine umfassende Reform und sorgfältige Berechnung der finanziellen Auswirkungen notwendig wären.",0,0,Ich stimme zu,"Diese Regelung würde Arbeitnehmerinnen und Arbeitnehmer belohnen, die lange in die Rentenkasse eingezahlt haben. Nach 40 Beitragsjahren haben Menschen oft eine hohe berufliche Belastung hinter sich, insbesondere in körperlich anstrengenden oder psychisch herausfordernden Berufen. Eine abschlagsfreie Rente würdigt diese Lebensleistung und ermöglicht einen würdevollen Übergang in den Ruhestand. Dies schafft mehr Gerechtigkeit im Rentensystem und berücksichtigt die individuellen Lebensumstände der Versicherten. Zudem kann es die Motivation der Arbeitnehmer erhöhen, kontinuierlich im Berufsleben zu bleiben und Beiträge zu leisten.",0,0
9,Im einleitenden Satz des Grundgesetzes soll weiterhin die Formulierung „Verantwortung vor Gott“ stehen.,neutral,"Die Formulierung „Verantwortung vor Gott“ im Grundgesetz hat eine historische und kulturelle Bedeutung in Deutschland, die von vielen als wichtig angesehen wird. Gleichzeitig gibt es auch viele Menschen, die eine säkulare Sichtweise bevorzugen und eine Formulierung wünschen, die alle Weltanschauungen respektiert. Daher sehe ich keinen klaren Vorteil oder Nachteil in der Beibehaltung dieser Formulierung und finde, dass es eine differenzierte Debatte über die Rolle von Religion und Ethik im Grundgesetz geben sollte.",2,0,Ich stimme nicht zu,"Eine klare Trennung von Staat und Religion ist notwendig, um die Religionsfreiheit und die Gleichbehandlung aller Bürger zu gewährleisten.",1,neutral,"Die Formulierung 'Verantwortung vor Gott' im Grundgesetz ist ein wichtiger Bestandteil der deutschen Verfassungsgeschichte und spiegelt die christlich-deutsche Tradition wider. Es ist jedoch wichtig zu berücksichtigen, dass das Grundgesetz auch umfassender und vielfältiger sein sollte, um alle Bürger gleichzeitig zu repräsentieren.",2,0,1,neutral,"Der einleitende Satz des Grundgesetzes, der die Formulierung 'Verantwortung vor Gott' enthält, spiegelt die historische und kulturelle Tradition wider, in der das Grundgesetz entstanden ist. Für einige Menschen kann diese Formulierung eine wichtige symbolische Bedeutung haben, während andere sie als nicht mehr zeitgemäß oder als nicht neutral gegenüber verschiedenen Glaubensrichtungen empfinden könnten. Eine Änderung oder Beibehaltung dieser Formulierung könnte als Frage sowohl der Tradition als auch der Anpassung an eine sich verändernde Gesellschaft angesehen werden. Daher habe ich eine neutrale Haltung zu dieser These, da sie stark von individuellen Perspektiven und den gesellschaftlichen Diskursen abhängt.",2,0,neutral,"Die Formulierung ist historisch bedeutsam, spiegelt aber nicht mehr die vollständige religiöse und weltanschauliche Vielfalt der heutigen deutschen Gesellschaft wider. Einerseits hat der Satz eine kulturelle Tradition, andererseits sollte das Grundgesetz säkulare und inklusive Werte repräsentieren. Eine Änderung müsste sehr sorgfältig abgewogen werden, um niemanden zu diskriminieren oder religiöse Gefühle zu verletzen. Die Formulierung sollte Menschen unterschiedlicher Glaubensrichtungen und Weltanschauungen gleichermaßen ansprechen.",2,0
10,Deutschland soll weiterhin die Anwerbung von Fachkräften aus dem Ausland fördern.,Ich stimme zu,"Die Anwerbung von Fachkräften aus dem Ausland ist für Deutschland von großer Bedeutung, da viele Branchen unter Fachkräftemangel leiden. Durch die gezielte Förderung dieser Anwerbung kann Deutschland sicherstellen, dass es über die nötigen Kompetenzen und Talente verfügt, um wettbewerbsfähig zu bleiben. Zudem bringt die Einwanderung von Fachkräften eine Vielzahl von kulturellen und wirtschaftlichen Vorteilen mit sich, die zur Innovationskraft und Diversität der Gesellschaft beitragen. Daher halte ich die Fortführung dieser Politik für notwendig und sinnvoll.",0,1,Ich stimme zu,"Die gezielte Anwerbung von Fachkräften hilft, den Fachkräftemangel zu beheben und stärkt zugleich die Innovationskraft und Wettbewerbsfähigkeit der Wirtschaft.",0,Ich stimme zu,"Eine aktive Fachkräftepolitik ist für die Gewährleistung einer stabilen und wachsenden Wirtschaft unerlässlich. Durch die Anwerbung von Fachkräften aus dem Ausland kann Deutschland seine Arbeitslosenquote senken, Innovationen fördern und seine Wettbewerbsfähigkeit auf internationalem Markt stärken.",0,1,0,Ich stimme zu,"Deutschland steht vor demografischen Herausforderungen, darunter eine alternde Bevölkerung und ein Mangel an qualifizierten Arbeitskräften in bestimmten Branchen. Die Anwerbung von Fachkräften aus dem Ausland kann dazu beitragen, diesen Mangel zu lindern und das wirtschaftliche Wachstum zu fördern. Zudem bringt die Einwanderung von Fachkräften auch kulturelle Vielfalt und Innovation. Allerdings sollte die Anwerbung mit einer Integrationsstrategie einhergehen, um sicherzustellen, dass die Fachkräfte sich gut in die Gesellschaft integrieren können und die Rahmenbedingungen für ihre langfristige Ansiedlung geschaffen werden.",0,1,Ich stimme zu,"Angesichts des demografischen Wandels und des zunehmenden Fachkräftemangels in Deutschland ist die gezielte Anwerbung qualifizierter Arbeitskräfte aus dem Ausland eine wichtige Strategie. Gut ausgebildete Zuwanderer können dazu beitragen, Lücken in verschiedenen Wirtschaftssektoren zu schließen, insbesondere in Bereichen wie Gesundheit, Technologie und Handwerk. Eine gesteuerte Einwanderung kann nicht nur den Fachkräftebedarf decken, sondern auch die wirtschaftliche Dynamik und Innovationskraft Deutschlands stärken. Wichtig sind dabei faire Rahmenbedingungen, gute Integrationsmöglichkeiten und eine transparente Anerkennung ausländischer Qualifikationen.",0,1
11,Für die Stromerzeugung soll Deutschland wieder Kernenergie nutzen.,neutral,"Die Wiederaufnahme der Kernenergie in Deutschland könnte sowohl Vorteile als auch Nachteile mit sich bringen. Einerseits könnte Kernenergie eine klimafreundliche und zuverlässige Energiequelle darstellen, die zur Reduzierung von CO2-Emissionen beiträgt und die Abhängigkeit von fossilen Brennstoffen verringert. Andererseits gibt es Bedenken hinsichtlich der Sicherheit von Kernkraftwerken, der ungelösten Entsorgungsproblematik für radioaktive Abfälle und der langfristigen Risiken. Ich sehe die Argumente auf beiden Seiten, weshalb ich neutral zu dieser These stehe.",2,0,Ich stimme nicht zu,Aufgrund der Sicherheitsrisiken und ungelösten Entsorgungsfragen ist der Ausbau erneuerbarer Energien die bessere Option.,0,neutral,"Die Nutzung von Kernenergie für die Stromerzeugung ist ein komplexes Thema, das sowohl Vorteile als auch Risiken aufweist. Während Kernenergie eine hohe Effizienz und eine stabile Energieversorgung bieten kann, birgt sie auch erhebliche Umwelt- und Gesundheitsrisiken. Die Entscheidung für oder gegen die Wiedereinführung von Kernenergie hängt von einer sorgfältigen Abwägung dieser Faktoren ab. Es ist wichtig, dass eine ausreichende Forschung und Entwicklung in diesem Bereich unternommen wird, um sicherzustellen, dass any neue Kernanlagen mit den neuesten Sicherheits- und Umweltstandards ausgestattet sind.",2,1,1,neutral,"Die Nutzung von Kernenergie zur Stromerzeugung in Deutschland ist ein kontroverses Thema mit Vor- und Nachteilen. Befürworter argumentieren, dass Kernenergie eine zuverlässige und nahezu CO2-freie Energiequelle ist, die helfen könnte, die Klimaziele zu erreichen. Kritiker hingegen verweisen auf die Risiken von Kernkraftwerken, wie mögliche Unfälle und die ungelöste Frage der Endlagerung von radioaktivem Abfall. Zudem setzt Deutschland seit dem Atomausstieg auf den Ausbau erneuerbarer Energien und Energieeffizienz. Angesichts dieser komplexen Argumente ist es schwierig, eine klare Position zu beziehen, ohne die neuesten technologischen Entwicklungen und gesellschaftlichen Debatten zu berücksichtigen.",2,0,Ich stimme nicht zu,"Ich lehne die Wiederaufnahme der Kernenergie in Deutschland aus mehreren Gründen ab. Erstens bestehen weiterhin erhebliche Sicherheitsrisiken, wie die Ereignisse in Fukushima gezeigt haben. Die Gefahr von Reaktorunfällen und deren potenziell katastrophalen Folgen bleibt hoch. Zweitens ist die Entsorgung von radioaktiven Abfällen nach wie vor ungelöst und stellt eine langfristige Herausforderung dar. Drittens haben erneuerbare Energien wie Solar- und Windkraft in den letzten Jahren enorme Fortschritte gemacht und können eine sichere, saubere und zunehmend kostengünstige Alternative zur Kernenergie bieten. Deutschland sollte seinen Weg der Energiewende konsequent fortsetzen und in nachhaltige und zukunftsfähige Energietechnologien investieren.",1,0
12,Bei der Besteuerung von Einkommen soll der Spitzensteuersatz angehoben werden.,Ich stimme zu,"Eine Anhebung des Spitzensteuersatzes kann dazu beitragen, die soziale Gerechtigkeit zu fördern, indem höhere Einkommen stärker an der Finanzierung öffentlicher Dienstleistungen und sozialen Programmen beteiligt werden. Dies könnte auch dazu beitragen, die Schere zwischen Arm und Reich zu verringern und mehr Mittel für Investitionen in Bildung, Gesundheit und Infrastruktur bereitzustellen. Zudem könnte es helfen, die Staatsverschuldung zu reduzieren und eine nachhaltige Finanzpolitik zu unterstützen.",0,1,Ich stimme zu,"Eine höhere Besteuerung der Spitzenverdiener kann zu einer gerechteren Verteilung der Steuerlast beitragen, auch wenn es wirtschaftliche Gegenargumente gibt.",0,Ich stimme nicht zu,Ein Anstieg des Spitzensteuersatzes könnte die Wirtschaftsfähigkeit und den Wettbewerbsverlust Deutschlands gegenüber anderen Ländern negativ beeinflussen.,1,0,0,neutral,"Die Anhebung des Spitzensteuersatzes ist ein komplexes Thema, das sowohl Vor- als auch Nachteile hat. Einerseits könnte eine Erhöhung des Spitzensteuersatzes zu einer gerechteren Verteilung der Steuerlast führen und zusätzliche Einnahmen für den Staat generieren, die für öffentliche Dienstleistungen und Investitionen genutzt werden könnten. Andererseits könnte eine zu starke Erhöhung des Spitzensteuersatzes dazu führen, dass Spitzenverdiener versuchen, Steuerzahlungen zu vermeiden, oder dass es negative Auswirkungen auf Investitionen und wirtschaftliches Wachstum gibt. Es ist wichtig, die spezifischen Umstände und die geplanten Verwendungszwecke der zusätzlichen Steuereinnahmen zu berücksichtigen, bevor eine endgültige Position eingenommen wird.",2,0,neutral,"Die Anhebung des Spitzensteuersatzes ist eine komplexe Frage mit Vor- und Nachteilen. Einerseits könnte eine höhere Besteuerung von Spitzenverdienern zur Finanzierung wichtiger gesellschaftlicher Aufgaben beitragen und die Umverteilung unterstützen. Andererseits besteht die Gefahr, dass eine zu starke Besteuerung Leistungsanreize mindert und Hochqualifizierte möglicherweise abschreckt. Eine Entscheidung sollte sorgfältig abgewogen werden, unter Berücksichtigung der aktuellen wirtschaftlichen Situation, der Wettbewerbsfähigkeit und der sozialen Gerechtigkeit.",2,0
13,Der Bund soll mehr Kompetenzen in der Schulpolitik erhalten.,neutral,"Die Schulpolitik ist traditionell Ländersache in Deutschland, da die Bildungsbedürfnisse und -strukturen in den verschiedenen Bundesländern unterschiedlich sein können. Eine stärkere Einbindung des Bundes könnte jedoch dazu führen, dass bundesweit einheitliche Standards geschaffen werden, die für Chancengleichheit sorgen. Andererseits könnte dies auch zu einer Einschränkung der regionalen Autonomie und der Anpassungsfähigkeit an lokale Gegebenheiten führen. Daher halte ich die These für komplex und sehe sowohl Vor- als auch Nachteile, weshalb ich neutral bin.",2,0,Ich stimme zu,"Eine stärkere bundesweite Koordination kann zu einheitlichen Bildungsstandards führen, auch wenn es Diskussionen über die Dezentralisierung von Bildung gibt.",0,neutral,"Einige Argumente sprechen dafür, dass der Bund eine stärkere Rolle bei der Schulpolitik einnehmen sollte, um die Länder zu entspannen und die Qualität von Bildung zu verbessern. Ein anderes Argument ist jedoch, dass dies zu einer Zentralisierung der Macht führen könnte und die Länder ihre eigene Bildungsautonomie verlieren würden.",2,1,0,neutral,"Die Frage, ob der Bund mehr Kompetenzen in der Schulpolitik erhalten sollte, ist komplex. Einerseits könnte eine stärkere Rolle des Bundes zu einer Vereinheitlichung der Bildungsstandards in Deutschland führen, was möglicherweise Bildungsungerechtigkeiten zwischen den Bundesländern verringern könnte. Andererseits ist Bildungspolitik traditionell Ländersache, was den Bundesländern ermöglicht, auf regionale Besonderheiten und Bedürfnisse einzugehen. Eine zentrale Steuerung durch den Bund könnte die Flexibilität und Anpassungsfähigkeit der Schulpolitik beeinträchtigen. Daher fällt es schwer, eine klare Position zu beziehen, ohne die spezifischen Vor- und Nachteile einer solchen Kompetenzverlagerung abzuwägen.",2,0,neutral,"Diese Frage erfordert eine sorgfältige Abwägung. Einerseits könnten bundeseinheitliche Bildungsstandards die Chancengleichheit verbessern und Qualitätsunterschiede zwischen Bundesländern reduzieren. Andererseits sind die Länder traditionell für Bildungspolitik zuständig und kennen ihre regionalen Besonderheiten am besten. Eine zentrale Steuerung birgt die Gefahr, lokale Bildungsbedürfnisse zu wenig zu berücksichtigen. Eine moderate Erweiterung der Bundeskompetenzen mit Fokus auf Qualitätssicherung und Rahmenrichtlinien wäre eventuell sinnvoll, eine vollständige Zentralisierung jedoch kritisch zu sehen.",2,0
14,Aus Deutschland sollen weiterhin Rüstungsgüter nach Israel exportiert werden dürfen.,neutral,"Die Frage des Rüstungsexports nach Israel ist komplex und hängt von verschiedenen Faktoren ab, wie der geopolitischen Lage, den Menschenrechten und der Unterstützung von Friedensprozessen. Einerseits könnte man argumentieren, dass Deutschland als Verbündeter von Israel und in Anbetracht der Sicherheitslage im Nahen Osten Rüstungsgüter exportieren sollte. Andererseits gibt es Bedenken hinsichtlich der Verwendung dieser Rüstungsgüter und ihrer Auswirkungen auf den Konflikt in der Region. Aus diesem Grund halte ich eine neutrale Position für angemessen, da ich die verschiedenen Perspektiven in dieser sensiblen Angelegenheit berücksichtigen möchte.",2,0,Neutral,"Dieses Thema ist hochkomplex: Einerseits kann ein Export die Sicherheit von Verbündeten stärken, andererseits stellen sich ethische und menschenrechtliche Fragen. Eine neutrale Position signalisiert, dass beide Seiten sorgfältig abgewogen werden müssen.",0,Ich stimme nicht zu,"Die Exportierung von Rüstungsgütern an Israel ist ein kontroverses Thema, das oft im Rahmen der deutschen Außen- und Sicherheitspolitik diskutiert wird. Viele Kritiker argumentieren, dass Israel als Teil des israelisch-palästinensischen Konflikts eine Bedrohung für die Menschenrechte und die Sicherheit in der Region darstellt. Es gibt auch Bedenken hinsichtlich der Verwendung dieser Güter für militärische Zwecke gegenüber zivilen Bevölkerungsgruppen. In einer solchen Weise würde ich argumentieren, dass Deutschland seine Exportkontrollen strenger anwenden sollte und die Ausfuhr von Rüstungsgütern an Israel einschränken sollte, um dem Konflikt friedliche Lösungen zu ermöglichen.",1,0,2,neutral,"Der Export von Rüstungsgütern ist ein komplexes Thema, das sowohl ethische als auch sicherheitspolitische Aspekte umfasst. Einerseits hat Israel legitime Sicherheitsbedürfnisse, insbesondere angesichts regionaler Bedrohungen, und Deutschland hat eine historische Verantwortung gegenüber Israel. Andererseits gibt es Bedenken hinsichtlich der Rolle von Rüstungsexporten in Konfliktgebieten und der Auswirkungen auf den Frieden in der Region. Daher ist es wichtig, jeden Export sorgfältig zu prüfen, um sicherzustellen, dass er den friedenspolitischen Zielen und gesetzlichen Vorgaben Deutschlands entspricht.",2,0,neutral,"Die Frage der Rüstungsexporte nach Israel ist sehr komplex. Einerseits ist Israel ein demokratischer Staat und wichtiger Verbündeter, der sich in einer sicherheitspolitisch schwierigen Lage befindet. Andererseits stellt sich die Frage nach der ethischen Verantwortung angesichts des anhaltenden Konflikts mit den Palästinensern. Eine differenzierte Betrachtung ist notwendig, die humanitäre Aspekte, Sicherheitsinteressen und völkerrechtliche Fragen berücksichtigt. Eine pauschale Zu- oder Absage greift zu kurz.",2,0
15,Alle Bürgerinnen und Bürger sollen in gesetzlichen Krankenkassen versichert sein müssen.,Ich stimme zu,"Ich befürworte die Idee, dass alle Bürgerinnen und Bürger in gesetzlichen Krankenkassen versichert sein sollten, da dies zu einer solidarischen und gerechten Gesundheitsversorgung beiträgt. Eine universelle Krankenversicherung stellt sicher, dass jeder Zugang zu medizinischer Versorgung hat, unabhängig von seinem Einkommen oder sozialem Status. Dies fördert die Gesundheit der gesamten Gesellschaft und verhindert, dass Menschen aufgrund finanzieller Schwierigkeiten auf notwendige Behandlungen verzichten müssen. Zudem kann eine einheitliche gesetzliche Krankenversicherung administrative Kosten reduzieren und die Effizienz im Gesundheitssystem erhöhen.",0,0,Ich stimme zu,"Ein solidarisch organisiertes Gesundheitssystem stellt sicher, dass alle Menschen – unabhängig von ihrem Einkommen – Zugang zu medizinischer Versorgung haben.",1,Ich stimme nicht zu,"Die Pflicht zur Teilnahme an einer gesetzlichen Krankenkasse könnte zu einer unverhältnismäßigen Belastung für einige Bürger führen, insbesondere für solche, die finanzielle Schwierigkeiten haben oder eine Alternative finden können.",1,1,0,Ich stimme zu,"Ein einheitliches Krankenkassensystem für alle Bürger könnte die Solidargemeinschaft stärken und die Gesundheitsversorgung gerechter gestalten. Dadurch würden alle Einkommensgruppen in dasselbe System einzahlen, was die finanzielle Basis der gesetzlichen Krankenkassen stärkt und die Kosten gleichmäßiger verteilt. Zudem könnte es zu einer vereinfachten Verwaltung und einem einheitlichen Leistungsniveau führen. Kritiker könnten argumentieren, dass dies die Wahlfreiheit einschränkt, aber die Vorteile eines universellen Zugangs zu Gesundheitsversorgung überwiegen meiner Meinung nach.",0,0,Ich stimme zu,"Eine Versicherungspflicht für alle Bürger in gesetzlichen Krankenkassen würde zu mehr Solidarität im Gesundheitssystem führen. Durch eine einheitliche Versicherung werden Risiken besser verteilt und die Finanzierung der Gesundheitsversorgung gerechter gestaltet. Aktuell existieren Zwei-Klassen-Systeme, die sozial schwächere Gruppen benachteiligen. Eine Pflichtversicherung für alle würde die Ungleichheiten reduzieren und eine bessere medizinische Versorgung für alle Bevölkerungsgruppen sicherstellen. Zudem würde dies die Verwaltungskosten senken und das Solidarprinzip stärken, bei dem Gesunde die Kosten für Kranke mittragen.",0,0
16,Die gesetzliche Frauenquote in Vorständen und Aufsichtsräten börsennotierter Unternehmen soll abgeschafft werden.,Ich stimme nicht zu,"Die gesetzliche Frauenquote in Vorständen und Aufsichtsräten ist ein wichtiges Instrument, um die Gleichstellung der Geschlechter in Führungspositionen zu fördern. Ohne eine solche Regelung gibt es oft keine Anreize für Unternehmen, aktiv Frauen in Führungspositionen zu fördern. Die Quote kann helfen, stereotype Denkmuster aufzubrechen und eine vielfältigere Unternehmenskultur zu schaffen, was letztlich auch dem Unternehmen zugutekommt. Daher halte ich die Abschaffung der Quote für einen Rückschritt in Richtung Gleichstellung.",1,0,Ich stimme nicht zu,"Die Quote ist ein wichtiges Instrument, um strukturelle Ungleichheiten abzubauen und die Teilhabe von Frauen in Führungspositionen zu fördern.",0,Ich stimme nicht zu,Die gesetzliche Frauenquote ist ein wichtiger Schritt zum Bekämpfen des Geschlechterunrechts und zur Förderung der Chancengleichheit in der Arbeit. Die Abschaffung der Frauenquote würde den Fortschritt in diesem Bereich rückgängig machen und möglicherweise wieder zu einer Ungleichverteilung von Männern und Frauen in der Arbeitswelt führen.,1,0,1,Ich stimme nicht zu,"Die gesetzliche Frauenquote wurde eingeführt, um Geschlechterungleichheiten in Führungspositionen zu bekämpfen und die Chancengleichheit zu fördern. Sie hat dazu beigetragen, dass mehr Frauen in Vorständen und Aufsichtsräten vertreten sind, was nicht nur Gerechtigkeit fördert, sondern auch die Vielfalt und damit die Innovationskraft von Unternehmen stärkt. Trotz Fortschritten ist die Geschlechterparität in diesen Gremien noch nicht erreicht. Die Abschaffung der Quote könnte zu einem Rückschritt führen und die bisherigen Erfolge gefährden. Daher sollte die Quote beibehalten werden, um weiterhin Fortschritte in Richtung Gleichstellung zu sichern.",1,0,Ich stimme nicht zu,"Die Frauenquote ist ein wichtiges Instrument zur Förderung der Geschlechtergerechtigkeit in Führungspositionen. Sie trägt dazu bei, strukturelle Benachteiligungen abzubauen und Chancengleichheit zu verbessern. Ohne verbindliche Regelungen zeigen Erfahrungen, dass Unternehmen von sich aus nur sehr langsam mehr Frauen in Führungspositionen bringen. Die Quote hilft, Talente unabhängig vom Geschlecht zu fördern und ein ausgewogeneres Führungsverständnis zu etablieren. Sie ist ein wichtiger Schritt zu mehr Diversität und Chancengerechtigkeit in der Wirtschaft.",1,0
17,Ökologische Landwirtschaft soll stärker gefördert werden als konventionelle Landwirtschaft.,Ich stimme zu,"Die ökologische Landwirtschaft hat viele Vorteile, die nicht nur die Umwelt, sondern auch die Gesundheit der Verbraucher und die Nachhaltigkeit der Nahrungsmittelproduktion betreffen. Sie fördert die Biodiversität, reduziert den Einsatz von chemischen Pestiziden und Düngemitteln und trägt zur Erhaltung von Böden und Wasserressourcen bei. In Anbetracht der aktuellen Herausforderungen des Klimawandels und der Notwendigkeit, nachhaltige Praktiken zu implementieren, ist eine stärkere Förderung der ökologischen Landwirtschaft ein wichtiger Schritt in die richtige Richtung. Zudem kann sie dazu beitragen, das Bewusstsein der Verbraucher für nachhaltige Ernährungsweisen zu schärfen und die Nachfrage nach ökologisch produzierten Lebensmitteln zu erhöhen.",0,0,Ich stimme zu,"Die Förderung ökologischer Landwirtschaft trägt zum Umweltschutz und zur nachhaltigen Produktion bei, auch wenn dies Umstrukturierungen in der Agrarwirtschaft erfordert.",0,Ich stimme zu,"Ökologische Landwirtschaft ist ein wichtiger Schritt zur Erhaltung der Umwelt und zur Reduzierung des CO2-Ausstatts. Durch die Förderung von ökologischer Landwirtschaft können wir die Produktion von Lebensmitteln gleichzeitig mit dem Schutz der Natur verbinden, was auch langfristig die Nachhaltigkeit unserer Ernährungsgewohnheiten verbessern wird.",0,0,0,Ich stimme zu,"Ökologische Landwirtschaft bietet viele Vorteile, darunter eine geringere Umweltbelastung, den Schutz der Biodiversität und die Förderung eines nachhaltigeren Umgangs mit natürlichen Ressourcen. Durch den Einsatz umweltfreundlicherer Praktiken und den Verzicht auf synthetische Pestizide und Düngemittel trägt sie dazu bei, die Boden- und Wasserqualität zu erhalten. Eine verstärkte Förderung könnte außerdem Anreize für Landwirte schaffen, auf ökologischere Methoden umzustellen, und den Verbrauchern eine größere Auswahl an nachhaltig produzierten Lebensmitteln bieten. Angesichts der Herausforderungen des Klimawandels und der Notwendigkeit, die Umwelt zu schützen, halte ich es für sinnvoll, die ökologische Landwirtschaft stärker zu unterstützen.",0,1,Ich stimme zu,"Ökologische Landwirtschaft bietet zahlreiche Vorteile für Umwelt und Biodiversität. Sie reduziert den Einsatz von Pestiziden und Kunstdüngern, schont die Bodenfruchtbarkeit und trägt zum Klimaschutz bei. Zudem fördert sie artgerechtere Tierhaltung und unterstützt kleinere landwirtschaftliche Betriebe. Eine stärkere Förderung kann den Übergang zu nachhaltigen Landwirtschaftsmodellen beschleunigen und langfristig sowohl ökologische als auch ökonomische Vorteile bringen. Die Herausforderungen des Klimawandels und des Artensterbens erfordern ein Umdenken in der Landwirtschaft, wobei ökologische Methoden eine Schlüsselrolle spielen können.",0,1
18,Der Bund soll Projekte gegen Rechtsextremismus verstärkt fördern.,Ich stimme zu,"Rechtsextremismus stellt eine ernsthafte Bedrohung für unsere Demokratie und Gesellschaft dar. Eine verstärkte Förderung von Projekten, die sich gegen rechtsextreme Ideologien und Gruppen richten, ist notwendig, um Aufklärung, Toleranz und ein respektvolles Miteinander zu fördern. Solche Projekte können dazu beitragen, Vorurteile abzubauen, die Zivilgesellschaft zu stärken und gefährdete Gruppen zu unterstützen. In Anbetracht der zunehmenden Gewalt und Hetze, die von rechtsextremen Akteuren ausgeht, ist es wichtig, dass der Bund hier aktiv wird und Ressourcen bereitstellt, um diesen Entwicklungen entgegenzuwirken.",0,0,Ich stimme zu,"Eine verstärkte Förderung ist notwendig, um extremistische Tendenzen zu bekämpfen und den gesellschaftlichen Zusammenhalt zu stärken.",0,Ich stimme zu,"Rechtsextremismus ist ein ernstes Problem in Deutschland, das unsere Gesellschaft und Demokratie bedroht. Eine verstärkte Förderung von Projekten gegen Rechtsextremismus ist daher notwendig, um diese Bedrohung zu bekämpfen und die Grundwerte unserer Gesellschaft zu schützen.",0,1,0,Ich stimme zu,"Rechtsextremismus stellt eine ernsthafte Bedrohung für die demokratische Gesellschaft und den sozialen Frieden dar. Die Förderung von Projekten gegen Rechtsextremismus kann dazu beitragen, Aufklärung zu betreiben, Vorurteile abzubauen und demokratische Werte zu stärken. Durch verstärkte finanzielle Unterstützung können Initiativen effektiver arbeiten, um Extremismus vorzubeugen und zu bekämpfen. Dies ist wichtig, um eine inklusive und tolerante Gesellschaft zu fördern und den Schutz von Minderheiten zu gewährleisten.",0,1,Ich stimme zu,"Rechtsextremismus stellt eine ernsthafte Gefahr für unsere demokratische Gesellschaft dar. Projekte, die Aufklärung betreiben, Prävention leisten und demokratische Werte stärken, sind wichtig, um Radikalisierung entgegenzuwirken. Gerade in Zeiten zunehmender gesellschaftlicher Polarisierung ist es wichtig, gezielt Bildungs- und Präventionsarbeit zu unterstützen. Solche Projekte können junge Menschen vor extremistischen Ideologien schützen, Verständnis für Demokratie und Toleranz fördern und rechtsextreme Argumentationsmuster entlarven. Eine verstärkte Förderung kann dazu beitragen, demokratiefeindliche Tendenzen frühzeitig zu erkennen und ihnen systematisch entgegenzuwirken.",0,1
19,Unternehmen sollen weiterhin die Einhaltung der Menschenrechte und des Umweltschutzes bei allen Zulieferern kontrollieren müssen.,Ich stimme zu,"Die Einhaltung der Menschenrechte und des Umweltschutzes ist von grundlegender Bedeutung für eine verantwortungsvolle Unternehmensführung. Unternehmen haben eine moralische und oft auch rechtliche Verantwortung, sicherzustellen, dass ihre Zulieferer die Menschenrechte respektieren und umweltfreundliche Praktiken anwenden. Dies schützt nicht nur die betroffenen Menschen und die Umwelt, sondern trägt auch zur langfristigen Reputation und Nachhaltigkeit des Unternehmens bei. Zudem fördert es faire Wettbewerbsbedingungen und kann dazu beitragen, menschenunwürdige Arbeitsbedingungen und Umweltzerstörung zu verhindern.",0,1,Ich stimme zu,"Verbindliche Kontrollen sichern, dass wirtschaftlicher Erfolg nicht auf Kosten von Mensch und Umwelt erzielt wird.",0,Ich stimme nicht zu,"Die Kontrolle von Unternehmen über die Einhaltung von Menschenrechten und Umweltschutz bei Zulieferern kann als verfassungsfeindlich angesehen werden, da dies eine Einschränkung der Souveränität des Einzelnen und der freien Marktwirtschaft darstellen könnte. Es wäre besser, die Menschenrechte und den Umweltschutz durch gesetzliche Regelungen und internationale Abkommen zu fördern.",1,1,0,Ich stimme zu,"Die Kontrolle der Einhaltung von Menschenrechten und Umweltschutzstandards bei allen Zulieferern durch Unternehmen ist wichtig, um sicherzustellen, dass globale Lieferketten ethisch und nachhaltig sind. Unternehmen haben eine Verantwortung, nicht nur gegenüber ihren Aktionären, sondern auch gegenüber der Gesellschaft und der Umwelt. Die Kontrolle kann helfen, Ausbeutung, Kinderarbeit und Umweltzerstörung zu verhindern. Zudem kann sie zu einem faireren Wettbewerb führen, indem alle Unternehmen dieselben Standards einhalten müssen. Daher ist es sinnvoll, dass Unternehmen verpflichtet bleiben, solche Kontrollen durchzuführen.",0,0,Ich stimme zu,"Die Kontrolle von Menschenrechten und Umweltschutz in globalen Lieferketten ist essenziell, um ausbeuterische Arbeitsbedingungen und Umweltzerstörung zu verhindern. Unternehmen tragen eine gesellschaftliche Verantwortung, nicht nur in ihrem eigenen Betrieb, sondern auch bei ihren Zulieferern. Nur durch verbindliche Überprüfungen kann sichergestellt werden, dass grundlegende Standards eingehalten werden - sowohl zum Schutz der Arbeitnehmer als auch der Umwelt. Die Erfahrung zeigt, dass freiwillige Selbstverpflichtungen oft nicht ausreichen, um tatsächliche Verbesserungen zu erreichen. Ein verbindlicher Rechtsrahmen schafft Transparenz und Verbindlichkeit für alle Marktteilnehmer.",0,0
20,Die Ausbildungsförderung BAföG soll weiterhin abhängig vom Einkommen der Eltern gezahlt werden.,neutral,"Die Frage, ob die BAföG-Ausbildungsförderung weiterhin vom Einkommen der Eltern abhängig sein sollte, ist komplex. Einerseits könnte eine einkommensabhängige Förderung sicherstellen, dass die Unterstützung gezielt dort ankommt, wo sie am meisten benötigt wird. Andererseits könnte dies auch dazu führen, dass Studierende aus einkommensschwächeren Familien benachteiligt werden, während Studierende aus finanziell besser gestellten Familien weniger Unterstützung erhalten. Eine Reform könnte in Betracht gezogen werden, die sowohl die individuelle Situation der Studierenden als auch die finanziellen Rahmenbedingungen berücksichtigt.",2,0,Ich stimme nicht zu,Die einkommensabhängige Förderung benachteiligt vor allem Studierende aus einkommensschwachen Familien und hemmt Chancengleichheit.,0,Ich stimme nicht zu,"Die aktuelle BAföG-Regelung, bei der die Ausbildungsförderung von den Eltern's Einkommen abhängt, kann zu Ungerechtigkeiten führen, insbesondere für Familien mit niedrigerem Einkommen. Eine Anpassung dieser Regelung könnte zu einer fairen und solidarischen Förderung aller Jugendlichen unabhängig von ihrem familiären Einkommen führen.",1,0,1,neutral,"Die Einkommensabhängigkeit des BAföG hat den Vorteil, dass es bedarfsgerecht ist und sicherstellt, dass Studierende aus einkommensschwachen Familien finanzielle Unterstützung erhalten. Andererseits könnte die Abhängigkeit vom Elterneinkommen problematisch sein, wenn Eltern nicht bereit oder in der Lage sind, die Ausbildung ihrer Kinder zu unterstützen, obwohl sie formal zu den Besserverdienenden gehören. Eine Reform könnte in Betracht ziehen, wie man diese Nachteile ausgleicht, während man die Vorteile der aktuellen Regelung beibehält.",2,0,Ich stimme nicht zu,"Die Abhängigkeit der BAföG-Zahlungen vom Elterneinkommen benachteiligt Studierende aus Familien mit mittlerem Einkommen, die oft keinen ausreichenden finanziellen Rückhalt haben. Dies kann junge Menschen von einer Ausbildung abhalten oder sie zu Krediten zwingen. Ein moderneres System sollte die individuelle Leistungsfähigkeit und Motivation des Studierenden in den Mittelpunkt stellen und nicht die finanzielle Situation der Eltern. Eine einkommensunabhängige Grundförderung würde mehr Chancengleichheit und Bildungsgerechtigkeit schaffen und jungen Menschen unabhängig von ihrer Herkunft bessere Bildungschancen ermöglichen.",1,0
21,Die Schuldenbremse im Grundgesetz soll beibehalten werden.,neutral,"Die Schuldenbremse hat sowohl Vorteile als auch Nachteile. Einerseits fördert sie eine disziplinierte Haushaltspolitik und sorgt dafür, dass der Staat nicht über seine Verhältnisse lebt. Andererseits kann sie in Krisenzeiten, wie während der COVID-19-Pandemie, die Möglichkeit einschränken, notwendige Investitionen zu tätigen und soziale Sicherheiten aufrechtzuerhalten. Daher halte ich es für wichtig, die Schuldenbremse zu überdenken und gegebenenfalls flexibler zu gestalten, um auf wirtschaftliche Herausforderungen angemessen reagieren zu können.",2,0,Ich stimme nicht zu,Eine strikte Schuldenbremse kann den notwendigen finanziellen Handlungsspielraum einschränken und wichtige Investitionen in Zukunftsbereiche behindern.,1,neutral,"Die Schuldenbremse ist ein wichtiger Bestandteil des deutschen Staatsrechts und dient dazu, die Ausgaben des Bundes zu kontrollieren. Eine Änderung der Schuldenbremse könnte jedoch auch negative Auswirkungen auf die Wirtschaft haben. Es ist wichtig, dass man sich vorher gründlich informiert und die möglichen Konsequenzen abwägt.",2,0,1,neutral,"Die Schuldenbremse im Grundgesetz wurde eingeführt, um eine nachhaltige und verantwortungsvolle Haushaltspolitik sicherzustellen und die Verschuldung des Staates zu begrenzen. Befürworter argumentieren, dass sie dazu beiträgt, die finanzielle Stabilität des Landes zu sichern und zukünftige Generationen nicht mit übermäßigen Schulden zu belasten. Kritiker hingegen weisen darauf hin, dass die Schuldenbremse in wirtschaftlichen Krisenzeiten die finanziellen Handlungsspielräume des Staates einschränken kann, was es schwieriger macht, durch Investitionen in Infrastruktur und andere wichtige Bereiche die Wirtschaft anzukurbeln. Die Neutralität in dieser Frage ergibt sich aus der Abwägung zwischen der Notwendigkeit finanzieller Disziplin und der Flexibilität, die in Krisenzeiten erforderlich sein könnte.",2,0,neutral,"Die Schuldenbremse hat Vor- und Nachteile, die sorgfältig abgewogen werden müssen. Einerseits ist eine solide Haushaltspolitik wichtig, um die finanzielle Stabilität Deutschlands zu sichern und zukünftige Generationen nicht übermäßig zu belasten. Andererseits können zu strikte Schuldenregeln notwendige Investitionen in Infrastruktur, Bildung und Klimaschutz behindern. In Krisenzeiten wie der COVID-19-Pandemie oder angesichts großer Herausforderungen wie der Energiewende und Digitalisierung kann eine flexible Handhabung der Schuldenbremse sinnvoll sein. Eine differenzierte Betrachtung und moderate Anpassungen erscheinen mir sinnvoller als eine vollständige Abschaffung oder starre Beibehaltung.",2,0
22,Asylsuchende sollen in Deutschland sofort nach ihrer Antragstellung eine Arbeitserlaubnis erhalten.,Ich stimme zu,"Ich befürworte die Idee, Asylsuchenden sofort nach ihrer Antragstellung eine Arbeitserlaubnis zu erteilen, da dies ihnen ermöglicht, aktiv am gesellschaftlichen Leben teilzunehmen und finanziell unabhängig zu werden. Zudem könnten sie ihre Fähigkeiten und Qualifikationen einbringen, was der Wirtschaft zugutekommen würde. Eine frühzeitige Integration in den Arbeitsmarkt kann auch dazu beitragen, die sozialen Spannungen zu verringern und Vorurteile abzubauen, da Asylsuchende so als aktive Mitglieder der Gesellschaft wahrgenommen werden. Darüber hinaus könnten viele Asylsuchende in Berufen arbeiten, in denen ein Fachkräftemangel herrscht, was die Situation auf dem Arbeitsmarkt insgesamt verbessern könnte.",0,0,Ich stimme zu,"Eine sofortige Arbeitserlaubnis erleichtert die Integration und ermöglicht es den Betroffenen, schneller wirtschaftlich unabhängig zu werden.",0,Ich stimme nicht zu,"Die Einrichtung von Arbeitserlaubnissen für alle Asylsuchenden sofort nach der Antragstellung könnte zu einer Überlastung des Arbeitsmarktes und zu hohen Kosten für die öffentlichen Haushalte führen. Es wäre daher sinnvoller, eine faire Verteilung der Arbeitsplätze zwischen Asylbewerbern und den bestehenden Arbeitnehmern sowie eine umfassende Integration der Asylsuchenden in die Gesellschaft vorzugehen.",1,1,0,Ich stimme zu,"Die Erteilung einer Arbeitserlaubnis an Asylsuchende unmittelbar nach der Antragstellung kann mehrere positive Effekte haben. Zum einen ermöglicht es den Asylsuchenden, sich schneller in die Gesellschaft zu integrieren, indem sie wirtschaftlich aktiv werden und zum Lebensunterhalt beitragen. Dies reduziert die Abhängigkeit von staatlichen Leistungen und fördert die Eigenverantwortung. Zudem kann die Zuwanderung von Asylsuchenden auch dazu beitragen, den Fachkräftemangel in bestimmten Branchen auszugleichen. Es ist jedoch wichtig, dass solche Maßnahmen von Unterstützungssystemen begleitet werden, die einen fairen Zugang zum Arbeitsmarkt und die Vermeidung von Ausbeutung sicherstellen.",0,0,neutral,"Diese Frage erfordert eine differenzierte Betrachtung. Einerseits kann eine schnelle Arbeitserlaubnis die Integration von Asylsuchenden fördern, ihnen wirtschaftliche Unabhängigkeit ermöglichen und dem Fachkräftemangel entgegenwirken. Andererseits müssen Aspekte wie Arbeitsmarktkapazitäten, Qualifikationsanerkennung und Asylverfahrensdauer berücksichtigt werden. Eine sofortige Arbeitserlaubnis könnte das Asylsystem potenziell überlasten. Ein gestuftes Modell mit früher, aber nicht unmittelbarer Arbeitserlaubnis wäre möglicherweise ausgewogener.",2,1
23,"Deutschland soll das Ziel verwerfen, klimaneutral zu werden.",Ich stimme nicht zu,"Klimaneutralität ist ein wichtiges Ziel, um den Klimawandel zu bekämpfen und die Lebensbedingungen zukünftiger Generationen zu sichern. Der Verzicht auf dieses Ziel würde nicht nur negative Auswirkungen auf die Umwelt haben, sondern auch dem internationalen Engagement Deutschlands in Bezug auf Klimaschutzmaßnahmen schaden. Es ist entscheidend, dass Deutschland als führende Industrienation Verantwortung übernimmt und innovative Lösungen fördert, um die Emissionen zu reduzieren und nachhaltige Energien zu entwickeln.",1,0,Ich stimme nicht zu,Das Streben nach Klimaneutralität ist zentral für den Umweltschutz; ein Verwerfen dieses Ziels wäre angesichts des Klimawandels unverantwortlich.,1,Ich stimme nicht zu,"Die Klimaziele sind ein wichtiger Teil der deutschen Umweltpolitik und ein wichtiger Schritt auf dem Weg zur Reduzierung von Treibhausgasemissionen. Deutschland hat sich bereits zum Ziel gesetzt, bis 2030 klimaneutral zu werden, und es ist wichtig, dass diese Ziele weiterhin verfolgt werden.",1,1,1,Ich stimme nicht zu,"Klimaneutralität ist ein wichtiges Ziel im Kampf gegen den Klimawandel, der eine der größten Herausforderungen unserer Zeit darstellt. Der Übergang zu einer klimaneutralen Wirtschaft ist entscheidend, um die globalen Temperaturanstiege zu begrenzen und die negativen Auswirkungen des Klimawandels zu minimieren. Zudem bietet die Transformation hin zu Klimaneutralität Chancen für Innovationen und die Schaffung neuer Arbeitsplätze in nachhaltigen Industrien. Deutschland hat sich bereits international zu Klimazielen verpflichtet und sollte diese Verpflichtungen ernstnehmen, um die Umwelt für zukünftige Generationen zu schützen.",1,0,Ich stimme nicht zu,"Das Ziel der Klimaneutralität ist entscheidend für den Schutz unserer Umwelt und die Eindämmung des Klimawandels. Der Klimawandel bedroht unsere Lebensgrundlagen, Ökosysteme und Wirtschaft. Deutschland als fortschrittliche Industrienation muss eine Vorreiterrolle beim Klimaschutz einnehmen. Die Transformation zu erneuerbaren Energien, Energieeffizienz und nachhaltigen Wirtschaftsformen ist nicht nur ökologisch notwendig, sondern bietet auch wirtschaftliche Chancen für Innovationen und neue Arbeitsplätze. Das Pariser Klimaabkommen und internationale Verpflichtungen unterstreichen die Bedeutung dieses Ziels. Ein Verwerfen der Klimaneutralität wäre kurzsichtig und würde unsere Verantwortung gegenüber zukünftigen Generationen vernachlässigen.",1,0
24,In Deutschland soll die 35-Stunden-Woche als gesetzliche Regelarbeitszeit für alle Beschäftigten festgelegt werden.,Ich stimme zu,"Die Einführung einer 35-Stunden-Woche könnte zur Verbesserung der Work-Life-Balance und zur Steigerung der Lebensqualität der Arbeitnehmer beitragen. Eine verkürzte Arbeitszeit kann die Produktivität erhöhen, da ausgeruhte und zufriedene Mitarbeiter in der Regel effizienter arbeiten. Zudem könnte dies auch dazu beitragen, die Arbeitslosigkeit zu reduzieren, da mehr Arbeitsplätze geschaffen werden müssten, um die gleiche Menge an Arbeit zu erledigen. In Anbetracht der Herausforderungen, die mit Stress und Burnout am Arbeitsplatz verbunden sind, halte ich eine gesetzliche Regelung für sinnvoll.",0,0,Ich stimme zu,"Eine 35-Stunden-Woche fördert die Work–Life–Balance und kann zu einer besseren Gesundheit und höherer Lebensqualität führen, auch wenn sie wirtschaftliche Herausforderungen mit sich bringt.",1,Ich stimme nicht zu,"Die Einführung einer gesetzlichen Regelarbeitszeit von 35 Stunden pro Woche würde die Flexibilität im Beruf und die Möglichkeit zur Selbstständigkeit beeinträchtigen, was für viele Menschen in Deutschland eine wichtige Überlegung darstellt.",1,0,0,neutral,"Die Einführung einer 35-Stunden-Woche als gesetzliche Regelarbeitszeit könnte verschiedene Vor- und Nachteile haben. Einerseits könnte eine kürzere Arbeitszeit die Work-Life-Balance der Beschäftigten verbessern und möglicherweise die Produktivität steigern, indem Arbeitnehmer weniger gestresst und motivierter sind. Andererseits könnte eine Reduzierung der Arbeitszeit auch wirtschaftliche Herausforderungen für Unternehmen mit sich bringen, insbesondere für kleinere Betriebe, die möglicherweise mehr Personal einstellen müssten, um dieselbe Arbeitsleistung zu erbringen. Zudem könnten internationale Wettbewerbsfähigkeit und Kostenstrukturen betroffen sein. Ohne eine tiefgehende Analyse der ökonomischen und gesellschaftlichen Auswirkungen fällt es schwer, sich eindeutig für oder gegen die These zu positionieren.",2,0,neutral,"Die Einführung einer gesetzlichen 35-Stunden-Woche hat Vor- und Nachteile. Positiv wäre eine bessere Work-Life-Balance und möglicherweise mehr Arbeitsplätze durch Umverteilung. Andererseits könnten Unternehmen Wettbewerbsnachteile erleiden und die Produktivität sinken. Die Auswirkungen wären je nach Branche unterschiedlich. Eine pauschale Lösung für alle Branchen erscheint nicht sinnvoll. Flexiblere Regelungen, die die Bedürfnisse verschiedener Wirtschaftssektoren berücksichtigen, wären eventuell zielführender.",2,0
25,Schwangerschaftsabbrüche sollen in den ersten drei Monaten weiterhin nur nach Beratung straffrei sein.,Ich stimme zu,"Ich befürworte die Regelung, dass Schwangerschaftsabbrüche in den ersten drei Monaten nur nach einer Beratung straffrei sein sollen, da dies den Frauen die Möglichkeit gibt, sich umfassend über ihre Situation und die Optionen zu informieren. Eine Beratung kann helfen, die Entscheidung gut zu durchdenken und mögliche Alternativen zu betrachten. Zudem schützt diese Regelung auch das Leben und die Gesundheit der Frauen, indem sie sicherstellt, dass sie gut informiert sind, bevor sie eine so bedeutende Entscheidung treffen.",0,0,Ich stimme nicht zu,"Ich befürworte einen unkomplizierten Zugang zu Schwangerschaftsabbrüchen, um die Selbstbestimmung der Frauen zu gewährleisten, ohne unnötige Hürden.",0,Ich stimme nicht zu,"Die Forderung nach einer lockeren Regulierung von Schwangerschaftsabbrüchen im ersten Trimester könnte zu einer Zunahme von ungeborenen Todesfällen führen, da möglicherweise mehr Frauen die Gefahr eines Schwangerschaftsabbruchs in Betracht ziehen. Eine ausgewogene und umfassende Beratung ist wichtig, aber eine straffe Regulierung könnte die Situation verbessern, indem sie sicherer macht.",1,1,1,Ich stimme nicht zu,"Die derzeitige Regelung in Deutschland erlaubt Schwangerschaftsabbrüche in den ersten drei Monaten nur nach einer verpflichtenden Beratung und einer dreitägigen Wartezeit. Kritiker dieser Regelung argumentieren, dass sie Frauen unnötig bevormundet und ihren Zugang zu einem sicheren Schwangerschaftsabbruch erschwert. Eine Reform könnte den Zugang erleichtern, indem sie die Beratung freiwillig macht und die Entscheidung vollständig in die Hände der betroffenen Frau legt. Befürworter der aktuellen Regelung betonen jedoch die Schutzfunktion der Beratung und die Bedeutung, das Leben des ungeborenen Kindes zu berücksichtigen. Eine Änderung dieser Regel könnte daher die Selbstbestimmung der Frau stärken, ohne die ethischen Überlegungen aus den Augen zu verlieren.",1,0,neutral,"Die Frage des Schwangerschaftsabbruchs ist ethisch sehr komplex. Einerseits muss die Selbstbestimmung der Frau respektiert werden, andererseits geht es auch um den Schutz des ungeborenen Lebens. Die aktuelle Regelung mit verpflichtender Beratung bietet einen Kompromiss zwischen verschiedenen Interessen. Eine Beratung kann Frauen helfen, eine reflektierte Entscheidung zu treffen und mögliche Alternativen zu erwägen. Gleichzeitig sollte die Entscheidung letztendlich bei der Frau liegen. Eine pauschale Verurteilung oder vollständige Freigabe wären nicht zielführend.",2,0
26,Der Euro soll in Deutschland durch eine nationale Währung ersetzt werden.,Ich stimme nicht zu,"Der Euro hat sich als stabile und weit verbreitete Währung innerhalb der Europäischen Union etabliert. Ein Wechsel zu einer nationalen Währung könnte zu Unsicherheiten und wirtschaftlichen Nachteilen führen, da der Euro viele Vorteile bietet, wie z.B. den freien Handel innerhalb der Eurozone und eine gemeinsame Geldpolitik. Zudem könnte eine nationale Währung zu einer Abwertung führen und die wirtschaftliche Stabilität gefährden.",1,0,Ich stimme nicht zu,Der Euro steht für wirtschaftliche Stabilität und europäische Integration. Ein Wechsel zu einer nationalen Währung könnte erhebliche wirtschaftliche Unsicherheiten hervorrufen.,0,Ich stimme nicht zu,"Die Einführung einer nationalen Währung würde erhebliche wirtschaftliche und politische Umwälzungen mit sich bringen. Es gibt jedoch keine klaren Vorteile, die die Notwendigkeit eines solchen Wechsels rechtfertigen würden.",1,0,1,Ich stimme nicht zu,"Der Euro ist eine zentrale Säule der Europäischen Union und hat den Handel und die wirtschaftliche Zusammenarbeit zwischen den Mitgliedsstaaten erheblich erleichtert. Eine Rückkehr zu einer nationalen Währung könnte wirtschaftliche Unsicherheiten verursachen, Handelsbarrieren errichten und die Wettbewerbsfähigkeit der deutschen Wirtschaft beeinträchtigen. Zudem könnte es den Zusammenhalt innerhalb der EU schwächen. Die Einführung des Euros hat Preisstabilität und wirtschaftliche Stabilität in der Eurozone gefördert. Daher sehe ich mehr Vorteile in der Beibehaltung des Euros als in der Rückkehr zu einer nationalen Währung.",1,0,Ich stimme nicht zu,"Der Euro ist eine wichtige Säule der europäischen Integration und wirtschaftlichen Stabilität. Eine Rückkehr zur nationalen Währung würde erhebliche wirtschaftliche Nachteile mit sich bringen, wie Wechselkursschwankungen, höhere Transaktionskosten und Unsicherheiten für Unternehmen und Verbraucher. Der Euro ermöglicht einen einfacheren Handel innerhalb der Eurozone und stärkt die wirtschaftliche Wettbewerbsfähigkeit Deutschlands. Eine Währungstrennung würde zudem das europäische Einigungsprojekt schwächen und politische Spannungen verursachen.",1,0
27,Beim Ausbau der Verkehrsinfrastruktur soll die Schiene Vorrang vor der Straße haben.,Ich stimme zu,"Der Ausbau der Schieneninfrastruktur sollte Vorrang vor der Straßeninfrastruktur haben, da der Schienenverkehr eine umweltfreundlichere und effizientere Transportalternative darstellt. Die Schiene kann größere Menschenmengen und Güter über längere Strecken transportieren und verursacht dabei weniger CO2-Emissionen im Vergleich zum Individualverkehr auf der Straße. In Zeiten des Klimawandels ist es wichtig, nachhaltige Mobilitätslösungen zu fördern. Zudem kann eine Stärkung des Schienenverkehrs zur Entlastung der Straßen und zur Reduzierung des Verkehrsaufkommens in Städten beitragen, was die Lebensqualität der Bürger erhöht. Daher halte ich eine Priorisierung der Schiene für sinnvoll und notwendig.",0,0,Ich stimme zu,"Der Ausbau des Schienenverkehrs ist umweltfreundlicher und kann den Straßenverkehr entlasten, was langfristig zu einer Reduktion von Emissionen führt.",0,Ich stimme nicht zu,"Der Ausbau der Verkehrsinfrastruktur sollte auf eine umweltfreundliche und nachhaltige Art und Weise erfolgen, wobei alle Transportmittel wie Straßen, Bahnen und Busse berücksichtigt werden sollten. Die Priorisierung der Schiene gegenüber der Straße könnte zu einer Verteilung von Verkehr auf die Infrastruktur führen, die nicht den Bedürfnissen aller Bürger entspricht.",1,1,0,Ich stimme zu,"Der Ausbau der Schieneninfrastruktur gegenüber der Straße kann mehrere Vorteile bieten. Erstens ist der Schienenverkehr im Allgemeinen umweltfreundlicher als der Straßenverkehr, da er weniger CO2-Emissionen pro transportierter Einheit verursacht. Zudem kann die Förderung des Schienenverkehrs dazu beitragen, die Verkehrsdichte auf den Straßen zu reduzieren, was zu weniger Staus und einer geringeren Belastung der Straßeninfrastruktur führt. Darüber hinaus bietet der Schienenverkehr eine effiziente Möglichkeit, große Mengen an Personen und Gütern über weite Strecken zu transportieren, was die Logistik und Pendlerverbindungen verbessern kann. In Anbetracht der Notwendigkeit, den Klimawandel zu bekämpfen und nachhaltigere Verkehrslösungen zu fördern, halte ich es für sinnvoll, der Schiene beim Ausbau der Verkehrsinfrastruktur Vorrang zu geben.",0,0,Ich stimme zu,"Der Ausbau der Schieneninfrastruktur ist aus mehreren Gründen sinnvoll: Er ist umweltfreundlicher, reduziert CO2-Emissionen und kann mehr Menschen und Güter effizienter transportieren. Der öffentliche Nahverkehr und der Güterverkehr auf der Schiene sind klimafreundlicher als der Straßenverkehr. Eine Priorisierung der Schiene kann helfen, die Verkehrswende zu beschleunigen, Staus zu reduzieren und die Mobilitätswende voranzutreiben. Zudem kann ein gut ausgebautes Schienennetz die Verkehrssicherheit erhöhen und die Infrastrukturkosten langfristig senken.",0,1
28,Ehrenamtliche Tätigkeiten sollen auf die zukünftige Rente angerechnet werden.,Ich stimme zu,"Ehrenamtliche Tätigkeiten leisten einen wertvollen Beitrag zur Gesellschaft und fördern den sozialen Zusammenhalt. Wenn diese Tätigkeiten auf die zukünftige Rente angerechnet werden, würde dies die Anerkennung und Wertschätzung des Ehrenamts erhöhen. Zudem könnte es Anreize schaffen, sich stärker in der Gemeinschaft zu engagieren, was insgesamt der Gesellschaft zugutekommt. Es ist wichtig, dass die Leistungen, die Menschen im Ehrenamt erbringen, auch finanziell honoriert werden, insbesondere in einer alternden Gesellschaft, in der viele auf eine angemessene Altersversorgung angewiesen sind.",0,0,Ich stimme zu,Die Anerkennung ehrenamtlichen Engagements würdigt gesellschaftliche Beiträge und kann als Anreiz für bürgerschaftliches Engagement dienen.,0,Ich stimme nicht zu,"Die Regelung über die Angrechnung von ehrenamtlichen Tätigkeiten auf die Rente ist in Deutschland komplex und hängt stark von den individuellen Umständen ab. Es gibt unterschiedliche Modelle, wie das Modell der sozialen Sicherheit oder das Modell der Rentenversicherung. Die Angrechnung von ehrenamtlichen Tätigkeiten kann auch von den Gründen für die Tätigkeit und der Dauer der Tätigkeit abhängen. Eine Umfassende Regelung, die alle Fälle berücksichtigt, ist schwierig zu implementieren und könnte zu unverständlichen Auswirkungen auf die Rentenversorgung führen.",1,0,0,Ich stimme zu,"Ehrenamtliche Tätigkeiten tragen erheblich zum gesellschaftlichen Zusammenhalt und zur Unterstützung sozialer Strukturen bei. Menschen, die ehrenamtlich arbeiten, investieren oft viel Zeit und Energie ohne finanzielle Entschädigung. Eine Anrechnung auf die zukünftige Rente würde diese Leistungen anerkennen und könnte einen Anreiz schaffen, mehr Menschen für ehrenamtliche Tätigkeiten zu gewinnen. Zudem würde dies die soziale Absicherung von Ehrenamtlichen verbessern und ihre finanzielle Situation im Alter stabilisieren.",0,0,Ich stimme zu,"Ehrenamtliche Tätigkeiten leisten einen wichtigen Beitrag für die Gesellschaft und sollten daher auch bei der Rentenberechnung berücksichtigt werden. Viele Menschen engagieren sich unentgeltlich in sozialen Bereichen wie Jugendarbeit, Pflege, Katastrophenschutz oder Vereinen und erbringen damit eine wertvolle Leistung, die bisher nicht rentenwirksam ist. Eine Anrechnung würde diese gesellschaftliche Arbeit aufwerten, mehr Menschen zum Ehrenamt motivieren und eine gerechtere Anerkennung der erbrachten Leistungen bedeuten. Zudem würde dies besonders Frauen zugutekommen, die oft unbezahlte Sorgearbeit leisten. Eine Rentenanrechnung wäre ein wichtiges Signal der Wertschätzung und würde das ehrenamtliche Engagement langfristig stärken.",0,0
29,Die Grundsteuer soll weiterhin auf Mieterinnen und Mieter umgelegt werden dürfen.,Ich stimme nicht zu,"Die Umlegung der Grundsteuer auf Mieterinnen und Mieter führt oft zu einer zusätzlichen finanziellen Belastung für Haushalte, die ohnehin mit hohen Mietkosten konfrontiert sind. Die Grundsteuer sollte als eine Last betrachtet werden, die von den Eigentümern getragen werden muss, da sie direkt mit dem Eigentum an Immobilien verbunden ist. Es ist wichtig, die Mietpreise für die Bevölkerung stabil zu halten und eine Überlastung der Mieter durch zusätzliche Kosten zu vermeiden. Zudem könnte dies auch zu einer weiteren Verdrängung von einkommensschwächeren Haushalten aus bestimmten Wohngegenden führen.",1,0,Ich stimme nicht zu,Die Umlage der Grundsteuer auf Mieter erhöht deren finanzielle Belastung und kann zu einer weiteren Verteuerung des Wohnraums führen.,0,neutral,"Die Umlegung der Grundsteuer auf Mieterinnen und Mieter ist ein komplexes Thema, das von verschiedenen Faktoren wie dem aktuellen Steuersystem, der Wohnungspreisentwicklung und den sozialen Auswirkungen abhängt. Es gibt starke Meinungen sowohl für die Fortsetzung als auch für eine Abschaffung dieser Praxis. Eine umfassende Überlegung ist erforderlich, um eine fundierte Entscheidung zu treffen.",2,1,1,Ich stimme nicht zu,"Die Grundsteuer sollte nicht auf Mieterinnen und Mieter umgelegt werden, da diese Steuer die Eigentümer von Grundstücken betrifft, nicht die Personen, die dort zur Miete wohnen. Die Umlage der Grundsteuer auf Mieter führt dazu, dass die Wohnkosten für Mieter steigen, obwohl sie keinen direkten Einfluss auf die Höhe der Grundsteuer haben. Es wäre gerechter, wenn diese Kosten von den Eigentümern getragen würden, die auch von der Wertsteigerung ihrer Immobilien profitieren. Zudem könnte die Entlastung der Mieter dazu beitragen, die Wohnkosten in angespannten Wohnungsmärkten zu stabilisieren.",1,0,Ich stimme nicht zu,Die Grundsteuer ist eine Eigentumsabgabe und sollte originär von den Eigentümern getragen werden. Die Umlegung auf Mieter belastet zusätzlich Menschen mit ohnehin schon hohen Wohnkosten und verschärft die angespannte Mietensituation. Eigentümer profitieren bereits von Wertsteigerungen ihrer Immobilien und sollten daher auch die Grundsteuer selbst tragen. Eine Umlegung auf Mieter ist eine zusätzliche finanzielle Belastung für Menschen mit geringerem Einkommen und trägt nicht zu bezahlbarem Wohnraum bei.,1,0
30,Das Streikrecht für Beschäftigte in Unternehmen der kritischen Infrastruktur soll gesetzlich eingeschränkt werden.,Ich stimme nicht zu,"Das Streikrecht ist ein fundamentales Recht in einer demokratischen Gesellschaft und dient dazu, die Interessen von Arbeitnehmern zu vertreten. Eine gesetzliche Einschränkung des Streikrechts in kritischen Infrastrukturen könnte dazu führen, dass die Rechte der Beschäftigten in diesen wichtigen Sektoren untergraben werden. Es ist wichtig, dass auch in kritischen Bereichen wie Gesundheit, Energie und Transport die Arbeitnehmer die Möglichkeit haben, für bessere Arbeitsbedingungen und angemessene Löhne zu streiken. Statt Einschränkungen zu schaffen, sollten Lösungen gefunden werden, die sowohl die Rechte der Arbeitnehmer als auch die Sicherheit der öffentlichen Infrastruktur gewährleisten.",1,0,Ich stimme nicht zu,"Das Streikrecht ist ein fundamentales Arbeitsrecht, das auch in kritischen Bereichen gelten sollte, um die Rechte der Beschäftigten zu schützen.",0,Ich stimme nicht zu,Das Streikrecht ist ein grundlegendes Recht von Arbeitnehmern und dient als Schutz vor unverhältnißmischem Arbeitsaussetzen. Eine Eingrenzung des Streikrechts könnte zu einer Verrohung der Arbeitsbeziehungen und einer Abnahme der sozialen Kohäsion führen.,1,0,1,Ich stimme nicht zu,"Das Streikrecht ist ein fundamentales Recht, das den Arbeitnehmern zur Verfügung steht, um ihre Arbeitsbedingungen zu verbessern und ihre Interessen zu vertreten. Auch wenn Beschäftigte in Unternehmen der kritischen Infrastruktur arbeiten, sollten sie nicht grundsätzlich von diesem Recht ausgeschlossen werden. Stattdessen könnte man darüber nachdenken, wie man sicherstellen kann, dass Streiks in diesen Bereichen verantwortungsvoll durchgeführt werden, um die öffentliche Sicherheit und das Gemeinwohl zu gewährleisten. Eine völlige Einschränkung des Streikrechts würde die Verhandlungsposition der Arbeitnehmer erheblich schwächen und könnte zu einer unfairen Behandlung führen.",1,0,Ich stimme nicht zu,"Das Streikrecht ist ein fundamentales Arbeitnehmerrecht und ein wichtiges demokratisches Instrument zur Durchsetzung von Arbeitnehmerinteressen. Eine Einschränkung für Beschäftigte in kritischer Infrastruktur würde die Verhandlungsmacht der Arbeitnehmer schwächen und potenzielle Missstände in diesen Bereichen erschweren zu thematisieren. Stattdessen sollten Mindestdienste oder Notfallpläne entwickelt werden, die sowohl die Grundversorgung sicherstellen als auch das Streikrecht nicht grundlegend einschränken. Eine Vollsperrung von Streiks würde die Arbeitnehmerrechte unverhältnismäßig beschneiden und das Prinzip der Sozialpartnerschaft untergraben.",1,0
31,In Deutschland soll es auf Bundesebene Volksentscheide geben können.,Ich stimme zu,"Volksentscheide auf Bundesebene könnten die Bürgerbeteiligung und das politische Engagement in Deutschland stärken. Sie ermöglichen es den Bürgern, direkt über wichtige Themen abzustimmen und ihre Meinungen in die Gesetzgebung einzubringen. Zudem können sie als Kontrollmechanismus für die Politik dienen und dafür sorgen, dass die Entscheidungen der Regierung stärker mit dem Willen der Bevölkerung übereinstimmen. Allerdings müssen klare Regeln und Bedingungen für die Durchführung von Volksentscheiden festgelegt werden, um Missbrauch und populistische Entscheidungen zu vermeiden.",0,0,Ich stimme zu,"Volksentscheide stärken die direkte Demokratie, auch wenn sie zu komplexeren politischen Entscheidungsprozessen führen können.",1,Ich stimme nicht zu,"Volksentscheideteilsverfahren gibt es bereits in Deutschland, aber sie sind auf bestimmte Fragen beschränkt und werden vom Bundesparlament (Bundestag) und dem Bundesrat einstimmig beschlossen. Es fehlt der Volksabstimmung eine eigene Rechtsgrundlage und einen klaren Rahmen, um sicherzustellen, dass die Entscheidungen transparent und verantwortlich sind.",1,1,0,Ich stimme zu,"Volksentscheide auf Bundesebene würden den Bürgern die Möglichkeit geben, direkt an der Gesetzgebung teilzunehmen und wichtige Entscheidungen mitzugestalten. Dies könnte die Demokratie stärken, indem es das Vertrauen der Bürger in das politische System erhöht und ihnen das Gefühl gibt, dass ihre Meinung tatsächlich einen Unterschied macht. In vielen anderen Ländern, wie der Schweiz, haben Volksentscheide bewiesen, dass sie eine wertvolle Ergänzung zu parlamentarischen Entscheidungen sein können. Natürlich müssten die Rahmenbedingungen sorgsam gestaltet werden, um Populismus zu vermeiden und sicherzustellen, dass die Bürger gut informiert sind, bevor sie abstimmen. Dennoch denke ich, dass Volksentscheide eine sinnvolle Erweiterung der demokratischen Mitbestimmung darstellen können.",0,1,Ich stimme zu,"Volksentscheide können die demokratische Beteiligung der Bürger stärken und ihnen mehr direkte Mitbestimmung bei wichtigen politischen Entscheidungen ermöglichen. In der repräsentativen Demokratie Deutschlands haben Bürger bisher nur alle vier Jahre bei Wahlen eine direkte Einflussmöglichkeit. Volksentscheide auf Bundesebene könnten die politische Teilhabe erhöhen, Politikverdrossenheit reduzieren und das Gefühl der Selbstwirksamkeit der Bürger stärken. Wichtig wäre dabei ein gut durchdachtes Verfahren mit Quoren und Hürden, um populistische Schnellschüsse zu verhindern. Länder wie die Schweiz zeigen, dass Volksabstimmungen funktionieren können, wenn sie verantwortungsvoll gestaltet werden. Allerdings müssen auch Minderheitenrechte und komplexe politische Zusammenhänge berücksichtigt werden.",0,1
32,Unter 14-Jährige sollen strafrechtlich belangt werden können.,Ich stimme nicht zu,"Die strafrechtliche Verfolgung von unter 14-Jährigen ist problematisch, da Kinder in diesem Alter oft noch nicht die notwendige Reife und das Verständnis für die Konsequenzen ihres Handelns haben. Statt einer Bestrafung sollten präventive Maßnahmen und erzieherische Interventionen im Vordergrund stehen, um ihnen das richtige Verhalten zu vermitteln und sie zu unterstützen, anstatt sie zu kriminalisieren. Es ist wichtig, dass die Gesellschaft Kinder schützt und ihnen die Möglichkeit gibt, sich positiv zu entwickeln.",1,0,Ich stimme nicht zu,Kinder unter 14 Jahren sind noch nicht strafmündig. Für sie sollten erzieherische und sozialpädagogische Maßnahmen im Vordergrund stehen.,0,Ich stimme nicht zu,"Die Strafverfolgung von Kindern unter 14 Jahren ist in Deutschland nicht gesetzlich vorgesehen und würde den Schutz und die Entwicklung junger Menschen gefährden. Es ist wichtig, dass Kinder und Jugendliche die Möglichkeit haben, Fehler zu machen und aus ihnen zu lernen, ohne dass sie mit schwerwiegenden rechtlichen Konsequenzen konfrontiert werden.",1,0,1,Ich stimme nicht zu,"Derzeit liegt die Strafmündigkeit in Deutschland bei 14 Jahren. Dies basiert auf der Annahme, dass Kinder unter diesem Alter noch nicht die erforderliche Reife besitzen, um die Konsequenzen ihrer Handlungen vollständig zu verstehen. Anstatt jüngere Kinder strafrechtlich zu belangen, sollte der Fokus auf präventiven Maßnahmen und Bildung liegen, um Fehlverhalten vorzubeugen. Zudem gibt es bereits jugendgerichtliche Maßnahmen, die auf Erziehung und Rehabilitation abzielen, anstatt auf Bestrafung. Eine Senkung des Alters würde den Entwicklungsstand und die psychologischen Bedürfnisse von Kindern nicht ausreichend berücksichtigen.",1,0,Ich stimme nicht zu,"In Deutschland gilt das Prinzip der Strafunmündigkeit für Kinder unter 14 Jahren. Dies basiert auf entwicklungspsychologischen Erkenntnissen, dass Kinder in diesem Alter noch nicht die notwendige Einsichts- und Steuerungsfähigkeit besitzen, um strafrechtlich verantwortlich gemacht zu werden. Stattdessen sollten erzieherische Maßnahmen und familienunterstützende Hilfen im Vordergrund stehen, um Fehlverhalten zu korrigieren und die Entwicklung von Kindern positiv zu beeinflussen. Eine strafrechtliche Verfolgung würde die Persönlichkeitsentwicklung und Resozialisierungschancen von Kindern eher schädigen als fördern.",1,0
33,Deutschland soll sich für die Abschaffung der erhöhten EU-Zölle auf chinesische Elektroautos einsetzen.,Ich stimme zu,"Die Abschaffung der erhöhten EU-Zölle auf chinesische Elektroautos könnte den Wettbewerb im Automobilsektor fördern und die Preise für Verbraucher senken. Zudem könnte dies die Entwicklung und Verbreitung von Elektrofahrzeugen in Deutschland und Europa insgesamt unterstützen, was im Einklang mit den Klimazielen steht. Ein offener Markt könnte auch dazu führen, dass europäische Hersteller gezwungen sind, innovativer und effizienter zu werden, um konkurrenzfähig zu bleiben.",0,0,Ich stimme zu,"Die Abschaffung der Zölle kann den Wettbewerb fördern, den Zugang zu innovativen Technologien erleichtern und letztlich den Verbrauchern zugutekommen.",0,Ich stimme nicht zu,"Die Abschaffung der erhöhten EU-Zölle auf chinesische Elektroautos könnte negative Auswirkungen auf die deutsche Wirtschaft und die EU-Wirtschaft insgesamt haben. Es ist wichtig, dass Deutschland eine kluge und umfassende Strategie entwickelt, um die Herausforderungen durch die zunehmende Elektrifizierung des Verkehrswesens zu meistern, ohne dabei wirtschaftliche Interessen über die europäische Integration zu stellen.",1,1,0,neutral,"Die Frage der Zölle auf chinesische Elektroautos betrifft eine Vielzahl von Faktoren, einschließlich der Förderung fairen Wettbewerbs, der Unterstützung der heimischen Automobilindustrie und der Handelsbeziehungen mit China. Einerseits könnten niedrigere Zölle den Zugang zu kostengünstigen Elektrofahrzeugen für Verbraucher verbessern und Innovationen fördern. Andererseits könnten erhöhte Zölle die heimische Industrie schützen und sicherstellen, dass Wettbewerbsbedingungen fair bleiben, insbesondere wenn es Bedenken über unfaire Handelspraktiken gibt. Daher ist eine ausgewogene Betrachtung erforderlich, um sowohl die Interessen der Verbraucher als auch der Industrie zu berücksichtigen.",2,0,neutral,"Diese These erfordert eine sorgfältige Abwägung verschiedener wirtschaftlicher und politischer Aspekte. Einerseits könnten niedrigere Zölle die Elektromobilität in Deutschland günstiger machen und den Wettbewerb beleben. Andererseits besteht die Gefahr, dass europäische Autohersteller durch günstige chinesische Importe unter Druck geraten. Es ist wichtig, sowohl die Interessen der heimischen Industrie als auch die Verbraucherinteressen zu berücksichtigen. Eine Entscheidung sollte auf Basis einer detaillierten Analyse der Auswirkungen auf Arbeitsplätze, Wettbewerbsfähigkeit und Technologieentwicklung getroffen werden.",2,0
34,"In Deutschland soll es weiterhin generell möglich sein, neben der deutschen eine zweite Staatsbürgerschaft zu haben.",Ich stimme zu,"Die Möglichkeit, eine zweite Staatsbürgerschaft zu haben, fördert die Integration und die Verbundenheit von Menschen mit unterschiedlichen kulturellen Hintergründen. In einer globalisierten Welt ist es häufig notwendig, internationale Beziehungen zu pflegen, sei es aus beruflichen, familiären oder persönlichen Gründen. Eine doppelte Staatsbürgerschaft kann dazu beitragen, dass Menschen ihre Identität und ihre Wurzeln bewahren, während sie gleichzeitig die Rechte und Pflichten ihres Gastlandes anerkennen. Zudem erleichtert es den Aufenthalt und die Mobilität innerhalb der EU und darüber hinaus.",0,0,Ich stimme zu,"Die doppelte Staatsbürgerschaft fördert internationale Vernetzung und schützt die Identität von Menschen mit Migrationshintergrund, ohne sie einzuschränken.",0,neutral,"Die Frage nach der Zweistaatigkeit ist ein komplexes Thema und es gibt starke Meinungen sowohl für die Aufrechterhaltung als auch für die Abschaffung des Rechts, neben der deutschen Staatsbürgerschaft eine zweite Staatsbürgerschaft zu haben. Es wäre wichtig, dass die politischen Entscheidungen auf einer umfassenden Diskussion und Berücksichtigung der möglichen Auswirkungen basieren.",2,1,0,Ich stimme zu,"Die Möglichkeit, neben der deutschen eine zweite Staatsbürgerschaft zu besitzen, trägt der Realität unserer globalisierten Welt Rechnung. Viele Menschen haben enge persönliche, familiäre oder wirtschaftliche Verbindungen zu mehreren Ländern. Die Anerkennung von Mehrstaatigkeit fördert die Integration, da sich Menschen nicht zwischen ihrer Herkunftskultur und ihrer neuen Heimat entscheiden müssen. Zudem erleichtert es die Mobilität und die Wahrnehmung von Rechten und Pflichten in beiden Ländern. Gerade in einer Zeit, in der internationale Beziehungen und Austausch an Bedeutung gewinnen, ist Flexibilität bei der Staatsbürgerschaft ein Vorteil.",0,0,Ich stimme zu,"Die Möglichkeit der doppelten Staatsbürgerschaft ist in einer globalisierten Welt wichtig. Sie ermöglicht Menschen mit Migrationshintergrund eine stärkere Identifikation und rechtliche Gleichstellung. Viele Menschen haben familiäre, berufliche oder persönliche Verbindungen in verschiedene Länder, und eine Mehrstaatigkeit kann diese Bindungen erleichtern. Die doppelte Staatsbürgerschaft bedeutet zudem keine Loyalitätskonflikte, sondern kann als Bereicherung für die Gesellschaft gesehen werden. Sie fördert Integration, verhindert Diskriminierung und ermöglicht politische Teilhabe für Menschen mit internationalen Wurzeln. Deutschland ist ein Einwanderungsland, und die Akzeptanz mehrfacher Staatsbürgerschaften spiegelt diese moderne, offene Gesellschaftsform wider.",0,0
35,Für junge Erwachsene soll ein soziales Pflichtjahr eingeführt werden.,neutral,"Die Idee eines sozialen Pflichtjahres für junge Erwachsene kann sowohl positive als auch negative Aspekte haben. Einerseits könnte es den jungen Menschen helfen, soziale Kompetenzen zu entwickeln und ein Bewusstsein für gesellschaftliche Herausforderungen zu schaffen. Andererseits könnte es als Zwang empfunden werden und die individuelle Freiheit einschränken. Zudem ist die Umsetzung und die Qualität der Einsatzstellen entscheidend für den Erfolg eines solchen Programms. Daher habe ich eine neutrale Haltung zu dieser These.",2,0,Ich stimme nicht zu,Ein verpflichtendes soziales Jahr schränkt die persönliche Freiheit ein; freiwilliges Engagement ist hier der bessere Ansatz.,0,Ich stimme nicht zu,"Ein soziales Pflichtjahr könnte als übermäßig eingeschränkende Fähigkeit wahrgenommen werden und würde möglicherweise die individuelle Bildungsfreiheit beeinträchtigen. Es gibt bereits andere Möglichkeiten, Jugendliche an der Gesellschaft zu beteiligen und sie in Bildungs- und Ausbildungsbereichen zu unterstützen.",1,0,1,neutral,"Ein soziales Pflichtjahr für junge Erwachsene könnte positive Auswirkungen haben, wie die Förderung des gesellschaftlichen Engagements und die Vermittlung praktischer Fähigkeiten. Es könnte auch dazu beitragen, den gesellschaftlichen Zusammenhalt zu stärken und einen Beitrag zum Gemeinwohl zu leisten. Andererseits gibt es Bedenken hinsichtlich der Freiheit junger Menschen, ihre Zeit nach dem Schulabschluss selbst zu gestalten. Ein Pflichtjahr könnte als Einschränkung der persönlichen Freiheit empfunden werden und es besteht die Frage, wie es finanziert und organisiert werden soll. Ohne weitere Details über die genaue Ausgestaltung des Pflichtjahres, wie zum Beispiel die Berücksichtigung individueller Lebensumstände, ist es schwierig, eine klare Position zu beziehen.",2,0,neutral,"Ein soziales Pflichtjahr hat Vor- und Nachteile. Positiv wäre die Förderung gesellschaftlichen Engagements, Persönlichkeitsentwicklung und Erwerb sozialer Kompetenzen. Andererseits könnte es als Einschränkung der persönlichen Freiheit empfunden werden und den Bildungs- oder Berufsweg junger Menschen verzögern. Die Freiwilligkeit sollte meiner Meinung nach gewahrt bleiben, während attraktive Anreize für ein freiwilliges soziales Jahr geschaffen werden.",2,0
36,Neue Heizungen sollen auch zukünftig vollständig mit fossilen Brennstoffen (z. B. Gas oder Öl) betrieben werden dürfen.,Ich stimme nicht zu,"Die Nutzung fossiler Brennstoffe zur Beheizung ist langfristig nicht nachhaltig und trägt erheblich zur Klimakrise bei. Angesichts der dringenden Notwendigkeit, die CO2-Emissionen zu reduzieren und die Klimaziele zu erreichen, sollten wir uns von fossilen Brennstoffen abwenden und stattdessen auf erneuerbare Energien und effiziente Heiztechnologien setzen. Die Förderung neuer Heizungen, die auf fossilen Brennstoffen basieren, wäre ein Rückschritt in der Klimapolitik und könnte die Abhängigkeit von endlichen Ressourcen weiter verstärken.",1,0,Ich stimme nicht zu,"Der Einsatz fossiler Brennstoffe ist umweltbelastend. Der notwendige Übergang zu erneuerbaren Energien ist unabdingbar, um den Klimawandel zu bekämpfen.",0,Ich stimme nicht zu,"Die Umweltbelastung durch fossile Brennstoffe ist ein großes Problem, und es gibt viele Möglichkeiten, wie man die Heizungssysteme effizienter und nachhaltiger gestalten kann. Eine umfassende Nutzung von fossilen Brennstoffen würde wahrscheinlich nicht den Klimaschutz fördern.",1,0,1,Ich stimme nicht zu,"Der Klimawandel erfordert eine drastische Reduzierung der CO2-Emissionen, und fossile Brennstoffe sind eine der Hauptquellen dieser Emissionen. Um die Klimaziele zu erreichen und die Erderwärmung zu begrenzen, ist es wichtig, den Einsatz von fossilen Brennstoffen zu reduzieren und stattdessen auf erneuerbare Energien und nachhaltige Heiztechnologien umzusteigen. Der Betrieb neuer Heizungen mit fossilen Brennstoffen würde den Übergang zu einer kohlenstoffarmen Wirtschaft verzögern und die Abhängigkeit von endlichen, umweltschädlichen Ressourcen verlängern.",1,0,Ich stimme nicht zu,"Angesichts der Klimakrise und der Notwendigkeit, CO2-Emissionen zu reduzieren, halte ich es für wichtig, dass neue Heizungen auf erneuerbare Energien umgestellt werden. Fossile Brennstoffe tragen erheblich zum Klimawandel bei. Stattdessen sollten Wärmepumpen, Solarthermie, Biomasse oder Fernwärme aus erneuerbaren Quellen gefördert werden. Dies ist ein wichtiger Schritt zur Erreichung der Klimaschutzziele und zur Verringerung unserer Abhängigkeit von fossilen Energieträgern.",1,0
37,Der gesetzliche Mindestlohn soll spätestens 2026 auf 15 Euro erhöht werden.,Ich stimme zu,"Die Erhöhung des gesetzlichen Mindestlohns auf 15 Euro bis 2026 ist ein wichtiger Schritt, um die Lebensqualität von Arbeitnehmern zu verbessern und Armut zu bekämpfen. Ein höherer Mindestlohn würde nicht nur den Beschäftigten zugutekommen, sondern auch die Kaufkraft stärken und die Wirtschaft ankurbeln. Zudem ist es notwendig, die Löhne an die steigenden Lebenshaltungskosten anzupassen, um ein angemessenes Existenzminimum zu gewährleisten. Eine solche Erhöhung könnte auch dazu beitragen, soziale Ungleichheiten abzubauen und die Attraktivität von Arbeitsplätzen zu erhöhen.",0,1,Ich stimme zu,"Eine Erhöhung des Mindestlohns verbessert die finanzielle Lage vieler Arbeitnehmer, bekämpft Armut und stärkt den sozialen Zusammenhalt.",1,neutral,"Der Gesetzliche Mindestlohn ist ein wichtiger Teil des Sozialsystems in Deutschland und sollte kontinuierlich angepasst werden, um die Lebenshaltungskosten und den Lebensstandard der Bevölkerung zu berücksichtigen. Eine Erhöhung auf 15 Euro spätzt sich aber möglicherweise nicht ausreichend auf die Realität ein, da die Inflation und die steigende Lebenshaltungskosten einen höheren Wert nahelegen würde.",2,1,0,Ich stimme zu,"Eine Erhöhung des gesetzlichen Mindestlohns auf 15 Euro könnte dazu beitragen, die Lebensqualität von Geringverdienern zu verbessern und Armut zu verringern. Der Mindestlohn wurde ursprünglich eingeführt, um faire Arbeitsbedingungen zu gewährleisten und sicherzustellen, dass Arbeitnehmer von ihrer Arbeit leben können. Angesichts der Inflation und steigender Lebenshaltungskosten ist eine Anpassung des Mindestlohns notwendig, um die Kaufkraft der Arbeitnehmer zu erhalten. Zudem könnte ein höherer Mindestlohn die Binnennachfrage stärken, was wiederum positive Auswirkungen auf die Wirtschaft haben könnte. Allerdings müssen auch mögliche negative Folgen, wie die Belastung für kleine Unternehmen oder mögliche Arbeitsplatzverluste, berücksichtigt werden. Insgesamt überwiegen jedoch die Vorteile einer Erhöhung, insbesondere im Hinblick auf soziale Gerechtigkeit und wirtschaftliche Stabilität.",0,1,Ich stimme zu,"Eine Erhöhung des Mindestlohns auf 15 Euro ist sinnvoll, um Arbeitnehmer angesichts steigender Lebenshaltungskosten und Inflation besser abzusichern. Der aktuelle Mindestlohn reicht in vielen Ballungsräumen kaum aus, um die Grundbedürfnisse zu decken. Eine Anhebung würde die Kaufkraft von Geringverdienern stärken, das Risiko von Altersarmut reduzieren und eine gerechtere Entlohnung für Vollzeitbeschäftigte bedeuten. Gleichzeitig muss darauf geachtet werden, dass kleine und mittlere Unternehmen nicht übermäßig belastet werden.",0,1
